Theta,Phi,PsiLeft encoder,Right encoder,L phi ,R phi ,X,Y,Psi,D1_U,Error_u,D2_u,err_Ï†,Î¸_set,D3_u,err_Ïˆ,duty_L,duty_R,„,­ûð	Á´ð	Á´ð	Á´ð	Á´h
Á´ðÁ´ð	Á´ðÁ´
0.034898,0.034898,0.000000,0.000000,0.000000,0.000000,0.000000,0.000000,0.000000,0.000000,0.001000,0.034898,0.000000,-0.034898,0.000000,0.000000,-0.000000,0.001000,0.001000
0.033969,0.033969,0.000000,0.000000,0.000000,0.000000,0.000000,0.000000,0.000000,0.000000,0.012000,0.033969,0.000000,-0.033969,0.000000,0.000000,-0.000000,0.012000,0.012000
0.026029,0.026029,0.000000,0.000000,0.000000,0.000000,0.000000,0.000000,0.000000,0.000000,0.022000,0.026029,0.000000,-0.026029,0.000000,0.000000,-0.000000,0.022000,0.022000
0.009952,-0.034965,-0.017923,0.000000,-14.000000,0.000000,-0.089833,0.000000,0.000000,0.000000,0.033000,0.009952,0.000000,0.034965,0.000000,0.000000,0.017923,0.033000,0.033000
-0.003954,-0.048870,-0.017923,0.000000,-14.000000,0.000000,-0.089833,0.000000,0.000000,0.000000,-0.043000,-0.003954,0.000000,0.048870,0.000000,0.000000,0.017923,-0.043000,-0.043000
-0.011468,-0.056384,-0.017923,0.000000,-14.000000,0.000000,-0.089833,0.000000,0.000000,0.000000,-0.053000,-0.011468,0.000000,0.056384,0.000000,0.000000,0.017923,-0.053000,-0.053000
-0.002650,-0.047566,-0.017923,0.000000,-14.000000,0.000000,-0.089833,0.000000,0.000000,0.000000,-0.031796,-0.002650,0.000000,0.047566,0.000000,0.000000,0.017923,-0.031796,-0.031796
0.010297,-0.034620,-0.017923,0.000000,-14.000000,0.000000,-0.089833,0.000000,0.000000,0.000000,0.074000,0.010297,0.000000,0.034620,0.000000,0.000000,0.017923,0.074000,0.074000
0.017462,-0.027455,-0.017923,0.000000,-14.000000,0.000000,-0.089833,0.000000,0.000000,0.000000,0.084000,0.017462,0.000000,0.027455,0.000000,0.000000,0.017923,0.084000,0.084000
0.021082,-0.023835,-0.017923,0.000000,-14.000000,0.000000,-0.089833,0.000000,0.000000,0.000000,0.094000,0.021082,0.000000,0.023835,0.000000,0.000000,0.017923,0.094000,0.094000
0.029029,-0.015888,-0.017923,0.000000,-14.000000,0.000000,-0.089833,0.000000,0.000000,0.000000,0.105000,0.029029,0.000000,0.015888,0.000000,0.000000,0.017923,0.105000,0.105000
0.040352,-0.004565,-0.017923,0.000000,-14.000000,0.000000,-0.089833,0.000000,0.000000,0.000000,0.115000,0.040352,0.000000,0.004565,0.000000,0.000000,0.017923,0.115000,0.115000
0.046289,0.004581,-0.016643,0.000000,-13.000000,0.000000,-0.083416,0.000000,0.000000,0.000000,0.125000,0.046289,0.000000,-0.004581,0.000000,0.000000,0.016643,0.125000,0.125000
0.043535,0.001826,-0.016643,0.000000,-13.000000,0.000000,-0.083416,0.000000,0.000000,0.000000,0.136000,0.043535,0.000000,-0.001826,0.000000,0.000000,0.016643,0.136000,0.136000
0.035950,-0.005758,-0.016643,0.000000,-13.000000,0.000000,-0.083416,0.000000,0.000000,0.000000,0.146000,0.035950,0.000000,0.005758,0.000000,0.000000,0.016643,0.146000,0.146000
0.031246,-0.010462,-0.016643,0.000000,-13.000000,0.000000,-0.083416,0.000000,0.000000,0.000000,0.156000,0.031246,0.000000,0.010462,0.000000,0.000000,0.016643,0.156000,0.156000
0.029290,-0.012418,-0.016643,0.000000,-13.000000,0.000000,-0.083416,0.000000,0.000000,0.000000,0.167000,0.029290,0.000000,0.012418,0.000000,0.000000,0.016643,0.167000,0.167000
0.022338,-0.019370,-0.016643,0.000000,-13.000000,0.000000,-0.083416,0.000000,0.000000,0.000000,0.177000,0.022338,0.000000,0.019370,0.000000,0.000000,0.016643,0.177000,0.177000
0.009141,-0.032568,-0.016643,0.000000,-13.000000,0.000000,-0.083416,0.000000,0.000000,0.000000,0.109687,0.009141,0.000000,0.032568,0.000000,0.000000,0.016643,0.109687,0.109687
-0.012130,-0.057046,-0.017923,0.000000,-14.000000,0.000000,-0.089833,0.000000,0.000000,0.000000,-0.145559,-0.012130,0.000000,0.057046,0.000000,0.000000,0.017923,-0.145559,-0.145559
-0.018473,-0.063390,-0.017923,0.000000,-14.000000,0.000000,-0.089833,0.000000,0.000000,0.000000,-0.208000,-0.018473,0.000000,0.063390,0.000000,0.000000,0.017923,-0.208000,-0.208000
-0.007006,-0.051923,-0.017923,0.000000,-14.000000,0.000000,-0.089833,0.000000,0.000000,0.000000,-0.084073,-0.007006,0.000000,0.051923,0.000000,0.000000,0.017923,-0.084073,-0.084073
0.034439,-0.315269,-0.139547,0.000000,-109.000000,0.000000,-0.699415,0.000000,0.000000,0.000000,0.229000,0.034439,0.000000,0.315269,0.000000,0.000000,0.139547,0.229000,0.229000
0.055874,-0.287417,-0.139547,1.000000,-108.000000,0.006417,-0.692998,0.000000,0.000000,0.000000,0.239000,0.055874,0.000000,0.287417,0.000000,0.000000,0.139547,0.239000,0.239000
0.050709,-0.205957,-0.104980,1.000000,-81.000000,0.006417,-0.519749,0.000000,0.000000,0.000000,0.250000,0.050709,0.000000,0.205957,0.000000,0.000000,0.104980,0.250000,0.250000
0.057193,-0.186640,-0.102420,2.000000,-78.000000,0.012833,-0.500499,0.000000,0.000000,0.000000,0.261000,0.057193,0.000000,0.186640,0.000000,0.000000,0.102420,0.261000,0.261000
0.050112,-0.193720,-0.102420,2.000000,-78.000000,0.012833,-0.500499,0.000000,0.000000,0.000000,0.271000,0.050112,0.000000,0.193720,0.000000,0.000000,0.102420,0.271000,0.271000
0.047220,-0.196613,-0.102420,2.000000,-78.000000,0.012833,-0.500499,0.000000,0.000000,0.000000,0.282000,0.047220,0.000000,0.196613,0.000000,0.000000,0.102420,0.282000,0.282000
0.050527,-0.193306,-0.102420,2.000000,-78.000000,0.012833,-0.500499,0.000000,0.000000,0.000000,0.292000,0.050527,0.000000,0.193306,0.000000,0.000000,0.102420,0.292000,0.292000
0.057024,-0.186808,-0.102420,2.000000,-78.000000,0.012833,-0.500499,0.000000,0.000000,0.000000,0.302000,0.057024,0.000000,0.186808,0.000000,0.000000,0.102420,0.302000,0.302000
0.062444,-0.181389,-0.102420,2.000000,-78.000000,0.012833,-0.500499,0.000000,0.000000,0.000000,0.313000,0.062444,0.000000,0.181389,0.000000,0.000000,0.102420,0.313000,0.313000
0.065060,-0.178772,-0.102420,2.000000,-78.000000,0.012833,-0.500499,0.000000,0.000000,0.000000,0.323000,0.065060,0.000000,0.178772,0.000000,0.000000,0.102420,0.323000,0.323000
0.069015,-0.174817,-0.102420,2.000000,-78.000000,0.012833,-0.500499,0.000000,0.000000,0.000000,0.334000,0.069015,0.000000,0.174817,0.000000,0.000000,0.102420,0.334000,0.334000
0.070093,-0.173739,-0.102420,2.000000,-78.000000,0.012833,-0.500499,0.000000,0.000000,0.000000,0.344000,0.070093,0.000000,0.173739,0.000000,0.000000,0.102420,0.344000,0.344000
0.065148,-0.178684,-0.102420,2.000000,-78.000000,0.012833,-0.500499,0.000000,0.000000,0.000000,0.354000,0.065148,0.000000,0.178684,0.000000,0.000000,0.102420,0.354000,0.354000
0.054744,-0.189088,-0.102420,2.000000,-78.000000,0.012833,-0.500499,0.000000,0.000000,0.000000,0.365000,0.054744,0.000000,0.189088,0.000000,0.000000,0.102420,0.365000,0.365000
0.044238,-0.199595,-0.102420,2.000000,-78.000000,0.012833,-0.500499,0.000000,0.000000,0.000000,0.375000,0.044238,0.000000,0.199595,0.000000,0.000000,0.102420,0.375000,0.375000
0.035662,-0.208171,-0.102420,2.000000,-78.000000,0.012833,-0.500499,0.000000,0.000000,0.000000,0.386000,0.035662,0.000000,0.208171,0.000000,0.000000,0.102420,0.386000,0.386000
0.033921,-0.206703,-0.103700,3.000000,-78.000000,0.019250,-0.500499,0.000000,0.000000,0.000000,0.396000,0.033921,0.000000,0.206703,0.000000,0.000000,0.103700,0.396000,0.396000
0.029085,-0.137748,-0.130585,25.000000,-77.000000,0.160416,-0.494082,0.000000,0.000000,0.000000,0.349017,0.029085,0.000000,0.137748,0.000000,0.000000,0.130585,0.349017,0.349017
0.033953,-0.126463,-0.133146,27.000000,-77.000000,0.173250,-0.494082,0.000000,0.000000,0.000000,0.407441,0.033953,0.000000,0.126463,0.000000,0.000000,0.133146,0.407441,0.407441
0.033104,-0.101646,-0.140827,34.000000,-76.000000,0.218166,-0.487666,0.000000,0.000000,0.000000,0.397246,0.033104,0.000000,0.101646,0.000000,0.000000,0.140827,0.397246,0.397246
0.035977,-0.095564,-0.142107,35.000000,-76.000000,0.224583,-0.487666,0.000000,0.000000,0.000000,0.431724,0.035977,0.000000,0.095564,0.000000,0.000000,0.142107,0.431724,0.431724
0.039947,-0.091594,-0.142107,35.000000,-76.000000,0.224583,-0.487666,0.000000,0.000000,0.000000,0.449000,0.039947,0.000000,0.091594,0.000000,0.000000,0.142107,0.449000,0.449000
0.041810,-0.089731,-0.142107,35.000000,-76.000000,0.224583,-0.487666,0.000000,0.000000,0.000000,0.459000,0.041810,0.000000,0.089731,0.000000,0.000000,0.142107,0.459000,0.459000
0.041267,-0.090275,-0.142107,35.000000,-76.000000,0.224583,-0.487666,0.000000,0.000000,0.000000,0.470000,0.041267,0.000000,0.090275,0.000000,0.000000,0.142107,0.470000,0.470000
0.035558,-0.092775,-0.143388,36.000000,-76.000000,0.230999,-0.487666,0.000000,0.000000,0.000000,0.426697,0.035558,0.000000,0.092775,0.000000,0.000000,0.143388,0.426697,0.426697
0.022707,-0.086376,-0.151069,42.000000,-76.000000,0.269499,-0.487666,0.000000,0.000000,0.000000,0.272485,0.022707,0.000000,0.086376,0.000000,0.000000,0.151069,0.272485,0.272485
0.016069,-0.093014,-0.151069,42.000000,-76.000000,0.269499,-0.487666,0.000000,0.000000,0.000000,0.192827,0.016069,0.000000,0.093014,0.000000,0.000000,0.151069,0.192827,0.192827
0.013605,-0.095478,-0.151069,42.000000,-76.000000,0.269499,-0.487666,0.000000,0.000000,0.000000,0.163264,0.013605,0.000000,0.095478,0.000000,0.000000,0.151069,0.163264,0.163264
0.016010,-0.093073,-0.151069,42.000000,-76.000000,0.269499,-0.487666,0.000000,0.000000,0.000000,0.192119,0.016010,0.000000,0.093073,0.000000,0.000000,0.151069,0.192119,0.192119
0.023265,-0.085818,-0.151069,42.000000,-76.000000,0.269499,-0.487666,0.000000,0.000000,0.000000,0.279183,0.023265,0.000000,0.085818,0.000000,0.000000,0.151069,0.279183,0.279183
0.035955,-0.073128,-0.151069,42.000000,-76.000000,0.269499,-0.487666,0.000000,0.000000,0.000000,0.431461,0.035955,0.000000,0.073128,0.000000,0.000000,0.151069,0.431461,0.431461
0.037741,0.021699,-0.139547,52.000000,-57.000000,0.333666,-0.365749,0.000000,0.000000,0.000000,0.452892,0.037741,0.000000,-0.021699,0.000000,0.000000,0.139547,0.452892,0.452892
0.000173,0.221547,-0.124184,83.000000,-14.000000,0.532582,-0.089833,0.000000,0.000000,0.000000,0.002074,0.000173,0.000000,-0.221547,0.000000,0.000000,0.124184,0.002074,0.002074
-0.017166,0.245917,-0.120343,88.000000,-6.000000,0.564665,-0.038500,0.000000,0.000000,0.000000,-0.205990,-0.017166,0.000000,-0.245917,0.000000,0.000000,0.120343,-0.205990,-0.205990
-0.029775,0.233307,-0.120343,88.000000,-6.000000,0.564665,-0.038500,0.000000,0.000000,0.000000,-0.357303,-0.029775,0.000000,-0.233307,0.000000,0.000000,0.120343,-0.357303,-0.357303
-0.053948,0.183468,-0.120343,84.000000,-10.000000,0.538999,-0.064167,0.000000,0.000000,0.000000,-0.597000,-0.053948,0.000000,-0.183468,0.000000,0.000000,0.120343,-0.597000,-0.597000
-0.008685,-0.137018,-0.130585,31.000000,-71.000000,0.198916,-0.455582,0.000000,0.000000,0.000000,-0.104222,-0.008685,0.000000,0.137018,0.000000,0.000000,0.130585,-0.104222,-0.104222
0.018396,-0.302436,-0.138267,4.000000,-104.000000,0.025667,-0.667332,0.000000,0.000000,0.000000,0.220754,0.018396,0.000000,0.302436,0.000000,0.000000,0.138267,0.220754,0.220754
-0.017631,-0.322421,-0.139547,7.000000,-102.000000,0.044917,-0.654498,0.000000,0.000000,0.000000,-0.211566,-0.017631,0.000000,0.322421,0.000000,0.000000,0.139547,-0.211566,-0.211566
-0.033367,-0.338158,-0.139547,7.000000,-102.000000,0.044917,-0.654498,0.000000,0.000000,0.000000,-0.400402,-0.033367,0.000000,0.338158,0.000000,0.000000,0.139547,-0.400402,-0.400402
-0.039675,-0.418257,-0.128025,-9.000000,-109.000000,-0.057750,-0.699415,0.000000,0.000000,0.000000,-0.476096,-0.039675,0.000000,0.418257,0.000000,0.000000,0.128025,-0.476096,-0.476096
-0.017415,-0.588497,-0.117783,-43.000000,-135.000000,-0.275916,-0.866248,0.000000,0.000000,0.000000,-0.208978,-0.017415,0.000000,0.588497,0.000000,0.000000,0.117783,-0.208978,-0.208978
-0.006065,-0.702272,-0.108821,-66.000000,-151.000000,-0.423499,-0.968914,0.000000,0.000000,0.000000,-0.072783,-0.006065,0.000000,0.702272,0.000000,0.000000,0.108821,-0.072783,-0.072783
-0.016853,-0.709852,-0.107541,-66.000000,-150.000000,-0.423499,-0.962498,0.000000,0.000000,0.000000,-0.202239,-0.016853,0.000000,0.709852,0.000000,0.000000,0.107541,-0.202239,-0.202239
-0.026160,-0.719158,-0.107541,-66.000000,-150.000000,-0.423499,-0.962498,0.000000,0.000000,0.000000,-0.313916,-0.026160,0.000000,0.719158,0.000000,0.000000,0.107541,-0.313916,-0.313916
-0.032110,-0.728317,-0.106260,-67.000000,-150.000000,-0.429916,-0.962498,0.000000,0.000000,0.000000,-0.385322,-0.032110,0.000000,0.728317,0.000000,0.000000,0.106260,-0.385322,-0.385322
-0.035295,-0.773210,-0.089617,-80.000000,-150.000000,-0.513332,-0.962498,0.000000,0.000000,0.000000,-0.423543,-0.035295,0.000000,0.773210,0.000000,0.000000,0.089617,-0.423543,-0.423543
-0.036404,-0.851319,-0.079375,-96.000000,-158.000000,-0.615999,-1.013831,0.000000,0.000000,0.000000,-0.436851,-0.036404,0.000000,0.851319,0.000000,0.000000,0.079375,-0.436851,-0.436851
-0.026630,-0.998752,-0.085776,-118.000000,-185.000000,-0.757165,-1.187081,0.000000,0.000000,0.000000,-0.319556,-0.026630,0.000000,0.998752,0.000000,0.000000,0.085776,-0.319556,-0.319556
-0.020603,-1.111434,-0.097299,-132.000000,-208.000000,-0.846998,-1.334664,0.000000,0.000000,0.000000,-0.247234,-0.020603,0.000000,1.111434,0.000000,0.000000,0.097299,-0.247234,-0.247234
-0.025532,-1.154862,-0.099859,-137.000000,-215.000000,-0.879081,-1.379580,0.000000,0.000000,0.000000,-0.306381,-0.025532,0.000000,1.154862,0.000000,0.000000,0.099859,-0.306381,-0.306381
-0.036510,-1.169049,-0.101139,-137.000000,-216.000000,-0.879081,-1.385997,0.000000,0.000000,0.000000,-0.438121,-0.036510,0.000000,1.169049,0.000000,0.000000,0.101139,-0.438121,-0.438121
-0.030056,-1.229970,-0.125464,-138.000000,-236.000000,-0.885498,-1.514330,0.000000,0.000000,0.000000,-0.360669,-0.030056,0.000000,1.229970,0.000000,0.000000,0.125464,-0.360669,-0.360669
-0.022379,-1.270418,-0.144668,-138.000000,-251.000000,-0.885498,-1.610580,0.000000,0.000000,0.000000,-0.268552,-0.022379,0.000000,1.270418,0.000000,0.000000,0.144668,-0.268552,-0.268552
-0.019125,-1.276788,-0.148508,-138.000000,-254.000000,-0.885498,-1.629830,0.000000,0.000000,0.000000,-0.229495,-0.019125,0.000000,1.276788,0.000000,0.000000,0.148508,-0.229495,-0.229495
-0.016956,-1.274620,-0.148508,-138.000000,-254.000000,-0.885498,-1.629830,0.000000,0.000000,0.000000,-0.203472,-0.016956,0.000000,1.274620,0.000000,0.000000,0.148508,-0.203472,-0.203472
-0.010125,-1.267789,-0.148508,-138.000000,-254.000000,-0.885498,-1.629830,0.000000,0.000000,0.000000,-0.121497,-0.010125,0.000000,1.267789,0.000000,0.000000,0.148508,-0.121497,-0.121497
-0.002508,-1.256963,-0.149789,-137.000000,-254.000000,-0.879081,-1.629830,0.000000,0.000000,0.000000,-0.030096,-0.002508,0.000000,1.256963,0.000000,0.000000,0.149789,-0.030096,-0.030096
0.006088,-1.235534,-0.152349,-134.000000,-253.000000,-0.859831,-1.623413,0.000000,0.000000,0.000000,0.073059,0.006088,0.000000,1.235534,0.000000,0.000000,0.152349,0.073059,0.073059
0.016258,-1.225364,-0.152349,-134.000000,-253.000000,-0.859831,-1.623413,0.000000,0.000000,0.000000,0.195100,0.016258,0.000000,1.225364,0.000000,0.000000,0.152349,0.195100,0.195100
0.032390,-1.206023,-0.153629,-133.000000,-253.000000,-0.853415,-1.623413,0.000000,0.000000,0.000000,0.388685,0.032390,0.000000,1.206023,0.000000,0.000000,0.153629,0.388685,0.388685
0.033250,-1.041539,-0.152349,-108.000000,-227.000000,-0.692998,-1.456580,0.000000,0.000000,0.000000,0.399006,0.033250,0.000000,1.041539,0.000000,0.000000,0.152349,0.399006,0.399006
-0.009263,-0.817761,-0.151069,-67.000000,-185.000000,-0.429916,-1.187081,0.000000,0.000000,0.000000,-0.111150,-0.009263,0.000000,0.817761,0.000000,0.000000,0.151069,-0.111150,-0.111150
-0.004342,-0.787174,-0.153629,-62.000000,-182.000000,-0.397832,-1.167831,0.000000,0.000000,0.000000,-0.052105,-0.004342,0.000000,0.787174,0.000000,0.000000,0.153629,-0.052105,-0.052105
0.006704,-0.772919,-0.152349,-62.000000,-181.000000,-0.397832,-1.161414,0.000000,0.000000,0.000000,0.080444,0.006704,0.000000,0.772919,0.000000,0.000000,0.152349,0.080444,0.080444
0.017225,-0.762398,-0.152349,-62.000000,-181.000000,-0.397832,-1.161414,0.000000,0.000000,0.000000,0.206704,0.017225,0.000000,0.762398,0.000000,0.000000,0.152349,0.206704,0.206704
0.030356,-0.746058,-0.153629,-61.000000,-181.000000,-0.391416,-1.161414,0.000000,0.000000,0.000000,0.364277,0.030356,0.000000,0.746058,0.000000,0.000000,0.153629,0.364277,0.364277
0.038289,-0.661126,-0.153629,-49.000000,-169.000000,-0.314416,-1.084414,0.000000,0.000000,0.000000,0.459466,0.038289,0.000000,0.661126,0.000000,0.000000,0.153629,0.459466,0.459466
0.012912,-0.494004,-0.153629,-19.000000,-139.000000,-0.121916,-0.891915,0.000000,0.000000,0.000000,0.154944,0.012912,0.000000,0.494004,0.000000,0.000000,0.153629,0.154944,0.154944
0.008670,-0.408413,-0.153629,-5.000000,-125.000000,-0.032083,-0.802081,0.000000,0.000000,0.000000,0.104037,0.008670,0.000000,0.408413,0.000000,0.000000,0.153629,0.104037,0.104037
0.020818,-0.396264,-0.153629,-5.000000,-125.000000,-0.032083,-0.802081,0.000000,0.000000,0.000000,0.249815,0.020818,0.000000,0.396264,0.000000,0.000000,0.153629,0.249815,0.249815
0.030077,-0.387005,-0.153629,-5.000000,-125.000000,-0.032083,-0.802081,0.000000,0.000000,0.000000,0.360926,0.030077,0.000000,0.387005,0.000000,0.000000,0.153629,0.360926,0.360926
0.036939,-0.370518,-0.154910,-3.000000,-124.000000,-0.019250,-0.795665,0.000000,0.000000,0.000000,0.443274,0.036939,0.000000,0.370518,0.000000,0.000000,0.154910,0.443274,0.443274
0.035652,-0.333305,-0.165152,7.000000,-122.000000,0.044917,-0.782831,0.000000,0.000000,0.000000,0.427830,0.035652,0.000000,0.333305,0.000000,0.000000,0.165152,0.427830,0.427830
0.023323,-0.262218,-0.180515,26.000000,-115.000000,0.166833,-0.737915,0.000000,0.000000,0.000000,0.279870,0.023323,0.000000,0.262218,0.000000,0.000000,0.180515,0.279870,0.279870
0.025959,-0.253165,-0.183075,28.000000,-115.000000,0.179666,-0.737915,0.000000,0.000000,0.000000,0.311507,0.025959,0.000000,0.253165,0.000000,0.000000,0.183075,0.311507,0.311507
0.024659,-0.254465,-0.183075,28.000000,-115.000000,0.179666,-0.737915,0.000000,0.000000,0.000000,0.295911,0.024659,0.000000,0.254465,0.000000,0.000000,0.183075,0.295911,0.295911
0.021368,-0.257757,-0.183075,28.000000,-115.000000,0.179666,-0.737915,0.000000,0.000000,0.000000,0.256411,0.021368,0.000000,0.257757,0.000000,0.000000,0.183075,0.256411,0.256411
0.016812,-0.262313,-0.183075,28.000000,-115.000000,0.179666,-0.737915,0.000000,0.000000,0.000000,0.201740,0.016812,0.000000,0.262313,0.000000,0.000000,0.183075,0.201740,0.201740
0.012760,-0.266365,-0.183075,28.000000,-115.000000,0.179666,-0.737915,0.000000,0.000000,0.000000,0.153117,0.012760,0.000000,0.266365,0.000000,0.000000,0.183075,0.153117,0.153117
0.010895,-0.268230,-0.183075,28.000000,-115.000000,0.179666,-0.737915,0.000000,0.000000,0.000000,0.130737,0.010895,0.000000,0.268230,0.000000,0.000000,0.183075,0.130737,0.130737
0.012042,-0.267083,-0.183075,28.000000,-115.000000,0.179666,-0.737915,0.000000,0.000000,0.000000,0.144501,0.012042,0.000000,0.267083,0.000000,0.000000,0.183075,0.144501,0.144501
0.016504,-0.262621,-0.183075,28.000000,-115.000000,0.179666,-0.737915,0.000000,0.000000,0.000000,0.198043,0.016504,0.000000,0.262621,0.000000,0.000000,0.183075,0.198043,0.198043
0.024810,-0.254315,-0.183075,28.000000,-115.000000,0.179666,-0.737915,0.000000,0.000000,0.000000,0.297716,0.024810,0.000000,0.254315,0.000000,0.000000,0.183075,0.297716,0.297716
0.035471,-0.240445,-0.181795,28.000000,-114.000000,0.179666,-0.731498,0.000000,0.000000,0.000000,0.425650,0.035471,0.000000,0.240445,0.000000,0.000000,0.181795,0.425650,0.425650
0.033159,-0.181799,-0.157470,28.000000,-95.000000,0.179666,-0.609582,0.000000,0.000000,0.000000,0.397902,0.033159,0.000000,0.181799,0.000000,0.000000,0.157470,0.397902,0.397902
0.021407,-0.126176,-0.130585,28.000000,-74.000000,0.179666,-0.474832,0.000000,0.000000,0.000000,0.256885,0.021407,0.000000,0.126176,0.000000,0.000000,0.130585,0.256885,0.256885
0.017145,-0.111188,-0.122904,28.000000,-68.000000,0.179666,-0.436332,0.000000,0.000000,0.000000,0.205736,0.017145,0.000000,0.111188,0.000000,0.000000,0.122904,0.205736,0.205736
0.017094,-0.111239,-0.122904,28.000000,-68.000000,0.179666,-0.436332,0.000000,0.000000,0.000000,0.205125,0.017094,0.000000,0.111239,0.000000,0.000000,0.122904,0.205125,0.205125
0.019660,-0.108673,-0.122904,28.000000,-68.000000,0.179666,-0.436332,0.000000,0.000000,0.000000,0.235924,0.019660,0.000000,0.108673,0.000000,0.000000,0.122904,0.235924,0.235924
0.026434,-0.101899,-0.122904,28.000000,-68.000000,0.179666,-0.436332,0.000000,0.000000,0.000000,0.317210,0.026434,0.000000,0.101899,0.000000,0.000000,0.122904,0.317210,0.317210
0.037413,-0.090920,-0.122904,28.000000,-68.000000,0.179666,-0.436332,0.000000,0.000000,0.000000,0.448951,0.037413,0.000000,0.090920,0.000000,0.000000,0.122904,0.448951,0.448951
0.043005,-0.043619,-0.116502,32.000000,-59.000000,0.205333,-0.378582,0.000000,0.000000,0.000000,0.516064,0.043005,0.000000,0.043619,0.000000,0.000000,0.116502,0.516064,0.516064
0.006983,0.119275,-0.093458,54.000000,-19.000000,0.346499,-0.121916,0.000000,0.000000,0.000000,0.083798,0.006983,0.000000,-0.119275,0.000000,0.000000,0.093458,0.083798,0.083798
-0.007123,0.153293,-0.084496,58.000000,-8.000000,0.372166,-0.051333,0.000000,0.000000,0.000000,-0.085477,-0.007123,0.000000,-0.153293,0.000000,0.000000,0.084496,-0.085477,-0.085477
-0.015811,0.144606,-0.084496,58.000000,-8.000000,0.372166,-0.051333,0.000000,0.000000,0.000000,-0.189726,-0.015811,0.000000,-0.144606,0.000000,0.000000,0.084496,-0.189726,-0.189726
-0.031449,0.109718,-0.092178,58.000000,-14.000000,0.372166,-0.089833,0.000000,0.000000,0.000000,-0.377382,-0.031449,0.000000,-0.109718,0.000000,0.000000,0.092178,-0.377382,-0.377382
-0.040786,-0.015119,-0.087057,38.000000,-30.000000,0.243833,-0.192500,0.000000,0.000000,0.000000,-0.489432,-0.040786,0.000000,0.015119,0.000000,0.000000,0.087057,-0.489432,-0.489432
-0.008763,-0.259012,-0.084496,-6.000000,-72.000000,-0.038500,-0.461999,0.000000,0.000000,0.000000,-0.105155,-0.008763,0.000000,0.259012,0.000000,0.000000,0.084496,-0.105155,-0.105155
0.004468,-0.348448,-0.087057,-21.000000,-89.000000,-0.134750,-0.571082,0.000000,0.000000,0.000000,0.053617,0.004468,0.000000,0.348448,0.000000,0.000000,0.087057,0.053617,0.053617
-0.013606,-0.360105,-0.081936,-22.000000,-86.000000,-0.141166,-0.551832,0.000000,0.000000,0.000000,-0.163272,-0.013606,0.000000,0.360105,0.000000,0.000000,0.081936,-0.163272,-0.163272
-0.019678,-0.366177,-0.081936,-22.000000,-86.000000,-0.141166,-0.551832,0.000000,0.000000,0.000000,-0.236138,-0.019678,0.000000,0.366177,0.000000,0.000000,0.081936,-0.236138,-0.236138
-0.020242,-0.366741,-0.081936,-22.000000,-86.000000,-0.141166,-0.551832,0.000000,0.000000,0.000000,-0.242908,-0.020242,0.000000,0.366741,0.000000,0.000000,0.081936,-0.242908,-0.242908
-0.016410,-0.362909,-0.081936,-22.000000,-86.000000,-0.141166,-0.551832,0.000000,0.000000,0.000000,-0.196916,-0.016410,0.000000,0.362909,0.000000,0.000000,0.081936,-0.196916,-0.196916
-0.010204,-0.356703,-0.081936,-22.000000,-86.000000,-0.141166,-0.551832,0.000000,0.000000,0.000000,-0.122448,-0.010204,0.000000,0.356703,0.000000,0.000000,0.081936,-0.122448,-0.122448
-0.002110,-0.348610,-0.081936,-22.000000,-86.000000,-0.141166,-0.551832,0.000000,0.000000,0.000000,-0.025326,-0.002110,0.000000,0.348610,0.000000,0.000000,0.081936,-0.025326,-0.025326
0.008559,-0.450232,-0.126744,-22.000000,-121.000000,-0.141166,-0.776415,0.000000,0.000000,0.000000,0.102704,0.008559,0.000000,0.450232,0.000000,0.000000,0.126744,0.102704,0.102704
0.023409,-0.435381,-0.126744,-22.000000,-121.000000,-0.141166,-0.776415,0.000000,0.000000,0.000000,0.280911,0.023409,0.000000,0.435381,0.000000,0.000000,0.126744,0.280911,0.280911
0.044203,-0.404963,-0.128025,-20.000000,-120.000000,-0.128333,-0.769998,0.000000,0.000000,0.000000,0.530437,0.044203,0.000000,0.404963,0.000000,0.000000,0.128025,0.530437,0.530437
0.017300,-0.181616,-0.130585,20.000000,-82.000000,0.128333,-0.526165,0.000000,0.000000,0.000000,0.207599,0.017300,0.000000,0.181616,0.000000,0.000000,0.130585,0.207599,0.207599
-0.023139,-0.035973,-0.135706,51.000000,-55.000000,0.327249,-0.352916,0.000000,0.000000,0.000000,-0.277673,-0.023139,0.000000,0.035973,0.000000,0.000000,0.135706,-0.277673,-0.277673
-0.017808,-0.043474,-0.138267,50.000000,-58.000000,0.320833,-0.372166,0.000000,0.000000,0.000000,-0.213695,-0.017808,0.000000,0.043474,0.000000,0.000000,0.138267,-0.213695,-0.213695
-0.029566,-0.055232,-0.138267,50.000000,-58.000000,0.320833,-0.372166,0.000000,0.000000,0.000000,-0.354788,-0.029566,0.000000,0.055232,0.000000,0.000000,0.138267,-0.354788,-0.354788
-0.049222,-0.090930,-0.142107,49.000000,-62.000000,0.314416,-0.397832,0.000000,0.000000,0.000000,-0.590662,-0.049222,0.000000,0.090930,0.000000,0.000000,0.142107,-0.590662,-0.590662
-0.013532,-0.350406,-0.154910,8.000000,-113.000000,0.051333,-0.725082,0.000000,0.000000,0.000000,-0.162384,-0.013532,0.000000,0.350406,0.000000,0.000000,0.154910,-0.162384,-0.162384
0.012979,-0.532436,-0.163871,-21.000000,-149.000000,-0.134750,-0.956081,0.000000,0.000000,0.000000,0.155748,0.012979,0.000000,0.532436,0.000000,0.000000,0.163871,0.155748,0.155748
-0.010280,-0.696862,-0.222763,-20.000000,-194.000000,-0.128333,-1.244830,0.000000,0.000000,0.000000,-0.123360,-0.010280,0.000000,0.696862,0.000000,0.000000,0.222763,-0.123360,-0.123360
-0.020550,-0.707132,-0.222763,-20.000000,-194.000000,-0.128333,-1.244830,0.000000,0.000000,0.000000,-0.246598,-0.020550,0.000000,0.707132,0.000000,0.000000,0.222763,-0.246598,-0.246598
-0.025499,-0.712080,-0.222763,-20.000000,-194.000000,-0.128333,-1.244830,0.000000,0.000000,0.000000,-0.305982,-0.025499,0.000000,0.712080,0.000000,0.000000,0.222763,-0.305982,-0.305982
-0.027272,-0.713854,-0.222763,-20.000000,-194.000000,-0.128333,-1.244830,0.000000,0.000000,0.000000,-0.327269,-0.027272,0.000000,0.713854,0.000000,0.000000,0.222763,-0.327269,-0.327269
-0.027507,-0.714089,-0.222763,-20.000000,-194.000000,-0.128333,-1.244830,0.000000,0.000000,0.000000,-0.330089,-0.027507,0.000000,0.714089,0.000000,0.000000,0.222763,-0.330089,-0.330089
-0.027454,-0.714036,-0.222763,-20.000000,-194.000000,-0.128333,-1.244830,0.000000,0.000000,0.000000,-0.329450,-0.027454,0.000000,0.714036,0.000000,0.000000,0.222763,-0.329450,-0.329450
-0.028062,-0.714644,-0.222763,-20.000000,-194.000000,-0.128333,-1.244830,0.000000,0.000000,0.000000,-0.336742,-0.028062,0.000000,0.714644,0.000000,0.000000,0.222763,-0.336742,-0.336742
-0.029605,-0.716187,-0.222763,-20.000000,-194.000000,-0.128333,-1.244830,0.000000,0.000000,0.000000,-0.355261,-0.029605,0.000000,0.716187,0.000000,0.000000,0.222763,-0.355261,-0.355261
-0.032757,-0.725756,-0.222763,-21.000000,-195.000000,-0.134750,-1.251247,0.000000,0.000000,0.000000,-0.393089,-0.032757,0.000000,0.725756,0.000000,0.000000,0.222763,-0.393089,-0.393089
-0.036454,-0.761536,-0.217642,-28.000000,-198.000000,-0.179666,-1.270497,0.000000,0.000000,0.000000,-0.437453,-0.036454,0.000000,0.761536,0.000000,0.000000,0.217642,-0.437453,-0.437453
-0.016748,-0.857329,-0.209960,-49.000000,-213.000000,-0.314416,-1.366747,0.000000,0.000000,0.000000,-0.200975,-0.016748,0.000000,0.857329,0.000000,0.000000,0.209960,-0.200975,-0.200975
-0.002910,-0.872366,-0.211241,-53.000000,-218.000000,-0.340083,-1.398830,0.000000,0.000000,0.000000,-0.034919,-0.002910,0.000000,0.872366,0.000000,0.000000,0.211241,-0.034919,-0.034919
0.006520,-0.914270,-0.188196,-70.000000,-217.000000,-0.449166,-1.392413,0.000000,0.000000,0.000000,0.078237,0.006520,0.000000,0.914270,0.000000,0.000000,0.188196,0.078237,0.078237
0.024722,-0.896067,-0.188196,-70.000000,-217.000000,-0.449166,-1.392413,0.000000,0.000000,0.000000,0.296665,0.024722,0.000000,0.896067,0.000000,0.000000,0.188196,0.296665,0.296665
0.045766,-0.798023,-0.185636,-59.000000,-204.000000,-0.378582,-1.308997,0.000000,0.000000,0.000000,0.549197,0.045766,0.000000,0.798023,0.000000,0.000000,0.185636,0.549197,0.549197
0.004630,-0.476619,-0.181795,-4.000000,-146.000000,-0.025667,-0.936831,0.000000,0.000000,0.000000,0.055558,0.004630,0.000000,0.476619,0.000000,0.000000,0.181795,0.055558,0.055558
0.003095,-0.378696,-0.180515,11.000000,-130.000000,0.070583,-0.834165,0.000000,0.000000,0.000000,0.037140,0.003095,0.000000,0.378696,0.000000,0.000000,0.180515,0.037140,0.037140
0.031901,-0.343474,-0.177954,11.000000,-128.000000,0.070583,-0.821331,0.000000,0.000000,0.000000,0.382807,0.031901,0.000000,0.343474,0.000000,0.000000,0.177954,0.382807,0.382807
0.032465,-0.198534,-0.186916,37.000000,-109.000000,0.237416,-0.699415,0.000000,0.000000,0.000000,0.389586,0.032465,0.000000,0.198534,0.000000,0.000000,0.186916,0.389586,0.389586
-0.012868,-0.016076,-0.195878,76.000000,-77.000000,0.487666,-0.494082,0.000000,0.000000,0.000000,-0.154417,-0.012868,0.000000,0.016076,0.000000,0.000000,0.195878,-0.154417,-0.154417
-0.017839,-0.046714,-0.200999,74.000000,-83.000000,0.474832,-0.532582,0.000000,0.000000,0.000000,-0.214069,-0.017839,0.000000,0.046714,0.000000,0.000000,0.200999,-0.214069,-0.214069
-0.039433,-0.071516,-0.202279,74.000000,-84.000000,0.474832,-0.538999,0.000000,0.000000,0.000000,-0.473196,-0.039433,0.000000,0.071516,0.000000,0.000000,0.202279,-0.473196,-0.473196
-0.033295,-0.261086,-0.218922,50.000000,-121.000000,0.320833,-0.776415,0.000000,0.000000,0.000000,-0.399537,-0.033295,0.000000,0.261086,0.000000,0.000000,0.218922,-0.399537,-0.399537
0.014272,-0.556810,-0.248368,8.000000,-186.000000,0.051333,-1.193497,0.000000,0.000000,0.000000,0.171268,0.014272,0.000000,0.556810,0.000000,0.000000,0.248368,0.171268,0.171268
-0.013012,-0.603344,-0.261170,10.000000,-194.000000,0.064167,-1.244830,0.000000,0.000000,0.000000,-0.156150,-0.013012,0.000000,0.603344,0.000000,0.000000,0.261170,-0.156150,-0.156150
-0.048911,-0.671326,-0.253489,2.000000,-196.000000,0.012833,-1.257664,0.000000,0.000000,0.000000,-0.586930,-0.048911,0.000000,0.671326,0.000000,0.000000,0.253489,-0.586930,-0.586930
-0.008029,-1.009026,-0.238126,-63.000000,-249.000000,-0.404249,-1.597746,0.000000,0.000000,0.000000,-0.096345,-0.008029,0.000000,1.009026,0.000000,0.000000,0.238126,-0.096345,-0.096345
0.020417,-1.208372,-0.231725,-101.000000,-282.000000,-0.648082,-1.809496,0.000000,0.000000,0.000000,0.245008,0.020417,0.000000,1.208372,0.000000,0.000000,0.231725,0.245008,0.245008
-0.016104,-1.251310,-0.229164,-103.000000,-282.000000,-0.660915,-1.809496,0.000000,0.000000,0.000000,-0.193249,-0.016104,0.000000,1.251310,0.000000,0.000000,0.229164,-0.193249,-0.193249
-0.043387,-1.285009,-0.229164,-104.000000,-283.000000,-0.667332,-1.815912,0.000000,0.000000,0.000000,-0.520644,-0.043387,0.000000,1.285009,0.000000,0.000000,0.229164,-0.520644,-0.520644
-0.010587,-1.569833,-0.230444,-153.000000,-333.000000,-0.981748,-2.136745,0.000000,0.000000,0.000000,-0.127044,-0.010587,0.000000,1.569833,0.000000,0.000000,0.230444,-0.127044,-0.127044
0.018684,-1.691354,-0.244527,-171.000000,-362.000000,-1.097247,-2.322828,0.000000,0.000000,0.000000,0.224206,0.018684,0.000000,1.691354,0.000000,0.000000,0.244527,0.224206,0.224206
0.007867,-1.682920,-0.249648,-166.000000,-361.000000,-1.065164,-2.316411,0.000000,0.000000,0.000000,0.094410,0.007867,0.000000,1.682920,0.000000,0.000000,0.249648,0.094410,0.094410
0.020822,-1.669965,-0.249648,-166.000000,-361.000000,-1.065164,-2.316411,0.000000,0.000000,0.000000,0.249870,0.020822,0.000000,1.669965,0.000000,0.000000,0.249648,0.249870,0.249870
0.049355,-1.609350,-0.249648,-161.000000,-356.000000,-1.033081,-2.284328,0.000000,0.000000,0.000000,0.592258,0.049355,0.000000,1.609350,0.000000,0.000000,0.249648,0.592258,0.592258
0.011463,-1.249409,-0.241966,-102.000000,-291.000000,-0.654498,-1.867246,0.000000,0.000000,0.000000,0.137555,0.011463,0.000000,1.249409,0.000000,0.000000,0.241966,0.137555,0.137555
-0.004706,-1.047411,-0.236845,-70.000000,-255.000000,-0.449166,-1.636246,0.000000,0.000000,0.000000,-0.056467,-0.004706,0.000000,1.047411,0.000000,0.000000,0.236845,-0.056467,-0.056467
0.046002,-0.987079,-0.238126,-68.000000,-254.000000,-0.436332,-1.629830,0.000000,0.000000,0.000000,0.552022,0.046002,0.000000,0.987079,0.000000,0.000000,0.238126,0.552022,0.552022
0.004269,-0.570021,-0.247087,7.000000,-186.000000,0.044917,-1.193497,0.000000,0.000000,0.000000,0.051226,0.004269,0.000000,0.570021,0.000000,0.000000,0.247087,0.051226,0.051226
-0.032821,-0.350445,-0.252208,49.000000,-148.000000,0.314416,-0.949664,0.000000,0.000000,0.000000,-0.393854,-0.032821,0.000000,0.350445,0.000000,0.000000,0.252208,-0.393854,-0.393854
-0.016694,-0.353568,-0.259890,49.000000,-154.000000,0.314416,-0.988164,0.000000,0.000000,0.000000,-0.200328,-0.016694,0.000000,0.353568,0.000000,0.000000,0.259890,-0.200328,-0.200328
-0.026067,-0.362941,-0.259890,49.000000,-154.000000,0.314416,-0.988164,0.000000,0.000000,0.000000,-0.312798,-0.026067,0.000000,0.362941,0.000000,0.000000,0.259890,-0.312798,-0.312798
-0.047148,-0.390439,-0.262450,49.000000,-156.000000,0.314416,-1.000998,0.000000,0.000000,0.000000,-0.565775,-0.047148,0.000000,0.390439,0.000000,0.000000,0.262450,-0.565775,-0.565775
-0.015260,-0.650508,-0.289336,14.000000,-212.000000,0.089833,-1.360330,0.000000,0.000000,0.000000,-0.183117,-0.015260,0.000000,0.650508,0.000000,0.000000,0.289336,-0.183117,-0.183117
0.018883,-0.818490,-0.318781,-6.000000,-255.000000,-0.038500,-1.636246,0.000000,0.000000,0.000000,0.226595,0.018883,0.000000,0.818490,0.000000,0.000000,0.318781,0.226595,0.226595
0.003829,-0.836752,-0.322622,-5.000000,-257.000000,-0.032083,-1.649079,0.000000,0.000000,0.000000,0.045950,0.003829,0.000000,0.836752,0.000000,0.000000,0.322622,0.045950,0.045950
0.008629,-0.831953,-0.322622,-5.000000,-257.000000,-0.032083,-1.649079,0.000000,0.000000,0.000000,0.103542,0.008629,0.000000,0.831953,0.000000,0.000000,0.322622,0.103542,0.103542
0.045242,-0.785715,-0.318781,-5.000000,-254.000000,-0.032083,-1.629830,0.000000,0.000000,0.000000,0.542901,0.045242,0.000000,0.785715,0.000000,0.000000,0.318781,0.542901,0.542901
0.011457,-0.517917,-0.290616,31.000000,-196.000000,0.198916,-1.257664,0.000000,0.000000,0.000000,0.137485,0.011457,0.000000,0.517917,0.000000,0.000000,0.290616,0.137485,0.137485
-0.010555,-0.414804,-0.268852,42.000000,-168.000000,0.269499,-1.077997,0.000000,0.000000,0.000000,-0.126655,-0.010555,0.000000,0.414804,0.000000,0.000000,0.268852,-0.126655,-0.126655
0.005258,-0.402199,-0.270132,42.000000,-169.000000,0.269499,-1.084414,0.000000,0.000000,0.000000,0.063099,0.005258,0.000000,0.402199,0.000000,0.000000,0.270132,0.063099,0.063099
0.014053,-0.393404,-0.270132,42.000000,-169.000000,0.269499,-1.084414,0.000000,0.000000,0.000000,0.168641,0.014053,0.000000,0.393404,0.000000,0.000000,0.270132,0.168641,0.168641
0.023576,-0.383881,-0.270132,42.000000,-169.000000,0.269499,-1.084414,0.000000,0.000000,0.000000,0.282913,0.023576,0.000000,0.383881,0.000000,0.000000,0.270132,0.282913,0.282913
0.034877,-0.362955,-0.271412,44.000000,-168.000000,0.282333,-1.077997,0.000000,0.000000,0.000000,0.418524,0.034877,0.000000,0.362955,0.000000,0.000000,0.271412,0.418524,0.418524
0.030980,-0.251352,-0.271412,62.000000,-150.000000,0.397832,-0.962498,0.000000,0.000000,0.000000,0.371764,0.030980,0.000000,0.251352,0.000000,0.000000,0.271412,0.371764,0.371764
0.023941,-0.165350,-0.270132,76.000000,-135.000000,0.487666,-0.866248,0.000000,0.000000,0.000000,0.287289,0.023941,0.000000,0.165350,0.000000,0.000000,0.270132,0.287289,0.287289
0.037299,-0.142367,-0.271412,78.000000,-134.000000,0.500499,-0.859831,0.000000,0.000000,0.000000,0.447589,0.037299,0.000000,0.142367,0.000000,0.000000,0.271412,0.447589,0.447589
0.027546,-0.059079,-0.265011,90.000000,-117.000000,0.577499,-0.750748,0.000000,0.000000,0.000000,0.330554,0.027546,0.000000,0.059079,0.000000,0.000000,0.265011,0.330554,0.330554
0.023355,-0.015145,-0.248368,91.000000,-103.000000,0.583915,-0.660915,0.000000,0.000000,0.000000,0.280255,0.023355,0.000000,0.015145,0.000000,0.000000,0.248368,0.280255,0.280255
0.021704,0.005663,-0.239406,91.000000,-96.000000,0.583915,-0.615999,0.000000,0.000000,0.000000,0.260451,0.021704,0.000000,-0.005663,0.000000,0.000000,0.239406,0.260451,0.260451
0.026788,0.010747,-0.239406,91.000000,-96.000000,0.583915,-0.615999,0.000000,0.000000,0.000000,0.321459,0.026788,0.000000,-0.010747,0.000000,0.000000,0.239406,0.321459,0.321459
0.034393,0.018352,-0.239406,91.000000,-96.000000,0.583915,-0.615999,0.000000,0.000000,0.000000,0.412720,0.034393,0.000000,-0.018352,0.000000,0.000000,0.239406,0.412720,0.412720
0.043556,0.033931,-0.236845,91.000000,-94.000000,0.583915,-0.603165,0.000000,0.000000,0.000000,0.522667,0.043556,0.000000,-0.033931,0.000000,0.000000,0.236845,0.522667,0.522667
0.036035,0.125868,-0.197158,91.000000,-63.000000,0.583915,-0.404249,0.000000,0.000000,0.000000,0.432419,0.036035,0.000000,-0.125868,0.000000,0.000000,0.197158,0.432419,0.432419
0.023198,0.263823,-0.136986,91.000000,-16.000000,0.583915,-0.102666,0.000000,0.000000,0.000000,0.278380,0.023198,0.000000,-0.263823,0.000000,0.000000,0.136986,0.278380,0.278380
0.015337,0.345795,-0.101140,91.000000,12.000000,0.583915,0.077000,0.000000,0.000000,0.000000,0.184047,0.015337,0.000000,-0.345795,0.000000,0.000000,0.101140,0.184047,0.184047
0.011223,0.380181,-0.085777,91.000000,24.000000,0.583915,0.154000,0.000000,0.000000,0.000000,0.134677,0.011223,0.000000,-0.380181,0.000000,0.000000,0.085777,0.134677,0.134677
0.004808,0.373765,-0.085777,91.000000,24.000000,0.583915,0.154000,0.000000,0.000000,0.000000,0.057695,0.004808,0.000000,-0.373765,0.000000,0.000000,0.085777,0.057695,0.057695
-0.008369,0.354172,-0.085777,90.000000,23.000000,0.577499,0.147583,0.000000,0.000000,0.000000,-0.100422,-0.008369,0.000000,-0.354172,0.000000,0.000000,0.085777,-0.100422,-0.100422
-0.030050,0.329282,-0.087057,90.000000,22.000000,0.577499,0.141166,0.000000,0.000000,0.000000,-0.360601,-0.030050,0.000000,-0.329282,0.000000,0.000000,0.087057,-0.360601,-0.360601
-0.041947,0.182636,-0.084496,68.000000,2.000000,0.436332,0.012833,0.000000,0.000000,0.000000,-0.503366,-0.041947,0.000000,-0.182636,0.000000,0.000000,0.084496,-0.503366,-0.503366
0.003136,-0.128406,-0.090898,15.000000,-56.000000,0.096250,-0.359333,0.000000,0.000000,0.000000,0.037628,0.003136,0.000000,0.128406,0.000000,0.000000,0.090898,0.037628,0.037628
0.003340,-0.173118,-0.096019,10.000000,-65.000000,0.064167,-0.417082,0.000000,0.000000,0.000000,0.040078,0.003340,0.000000,0.173118,0.000000,0.000000,0.096019,0.040078,0.040078
-0.013075,-0.192741,-0.097299,10.000000,-66.000000,0.064167,-0.423499,0.000000,0.000000,0.000000,-0.156899,-0.013075,0.000000,0.192741,0.000000,0.000000,0.097299,-0.156899,-0.156899
-0.020232,-0.199898,-0.097299,10.000000,-66.000000,0.064167,-0.423499,0.000000,0.000000,0.000000,-0.242782,-0.020232,0.000000,0.199898,0.000000,0.000000,0.097299,-0.242782,-0.242782
-0.025620,-0.205286,-0.097299,10.000000,-66.000000,0.064167,-0.423499,0.000000,0.000000,0.000000,-0.307443,-0.025620,0.000000,0.205286,0.000000,0.000000,0.097299,-0.307443,-0.307443
-0.031588,-0.217671,-0.097299,9.000000,-67.000000,0.057750,-0.429916,0.000000,0.000000,0.000000,-0.379052,-0.031588,0.000000,0.217671,0.000000,0.000000,0.097299,-0.379052,-0.379052
-0.036268,-0.296142,-0.098579,-2.000000,-79.000000,-0.012833,-0.506916,0.000000,0.000000,0.000000,-0.435213,-0.036268,0.000000,0.296142,0.000000,0.000000,0.098579,-0.435213,-0.435213
-0.011963,-0.422629,-0.099859,-25.000000,-103.000000,-0.160416,-0.660915,0.000000,0.000000,0.000000,-0.143555,-0.011963,0.000000,0.422629,0.000000,0.000000,0.099859,-0.143555,-0.143555
0.002718,-0.459281,-0.107541,-30.000000,-114.000000,-0.192500,-0.731498,0.000000,0.000000,0.000000,0.032612,0.002718,0.000000,0.459281,0.000000,0.000000,0.107541,0.032612,0.032612
0.011769,-0.450230,-0.107541,-30.000000,-114.000000,-0.192500,-0.731498,0.000000,0.000000,0.000000,0.141232,0.011769,0.000000,0.450230,0.000000,0.000000,0.107541,0.141232,0.141232
0.037364,-0.415010,-0.108821,-28.000000,-113.000000,-0.179666,-0.725082,0.000000,0.000000,0.000000,0.448365,0.037364,0.000000,0.415010,0.000000,0.000000,0.108821,0.448365,0.448365
0.027393,-0.152273,-0.104980,13.000000,-69.000000,0.083416,-0.442749,0.000000,0.000000,0.000000,0.328720,0.027393,0.000000,0.152273,0.000000,0.000000,0.104980,0.328720,0.328720
-0.009056,0.138527,-0.099859,62.000000,-16.000000,0.397832,-0.102666,0.000000,0.000000,0.000000,-0.108668,-0.009056,0.000000,-0.138527,0.000000,0.000000,0.099859,-0.108668,-0.108668
0.025973,0.186389,-0.107541,67.000000,-17.000000,0.429916,-0.109083,0.000000,0.000000,0.000000,0.311672,0.025973,0.000000,-0.186389,0.000000,0.000000,0.107541,0.311672,0.311672
0.035521,0.375604,-0.102420,93.000000,13.000000,0.596749,0.083416,0.000000,0.000000,0.000000,0.426253,0.035521,0.000000,-0.375604,0.000000,0.000000,0.102420,0.426253,0.426253
-0.025341,0.606699,-0.101140,138.000000,59.000000,0.885498,0.378582,0.000000,0.000000,0.000000,-0.304091,-0.025341,0.000000,-0.606699,0.000000,0.000000,0.101140,-0.304091,-0.304091
-0.031042,0.600998,-0.101140,138.000000,59.000000,0.885498,0.378582,0.000000,0.000000,0.000000,-0.372502,-0.031042,0.000000,-0.600998,0.000000,0.000000,0.101140,-0.372502,-0.372502
-0.049150,0.515515,-0.112662,132.000000,44.000000,0.846998,0.282333,0.000000,0.000000,0.000000,-0.589800,-0.049150,0.000000,-0.515515,0.000000,0.000000,0.112662,-0.589800,-0.589800
-0.001007,0.149784,-0.149789,82.000000,-35.000000,0.526165,-0.224583,0.000000,0.000000,0.000000,-0.012083,-0.001007,0.000000,-0.149784,0.000000,0.000000,0.149789,-0.012083,-0.012083
-0.000041,0.041667,-0.172833,74.000000,-61.000000,0.474832,-0.391416,0.000000,0.000000,0.000000,-0.000489,-0.000041,0.000000,-0.041667,0.000000,0.000000,0.172833,-0.000489,-0.000489
-0.036688,-0.033479,-0.185636,73.000000,-72.000000,0.468416,-0.461999,0.000000,0.000000,0.000000,-0.440252,-0.036688,0.000000,0.033479,0.000000,0.000000,0.185636,-0.440252,-0.440252
-0.031478,-0.198311,-0.197158,51.000000,-103.000000,0.327249,-0.660915,0.000000,0.000000,0.000000,-0.377732,-0.031478,0.000000,0.198311,0.000000,0.000000,0.197158,-0.377732,-0.377732
0.002501,-0.401748,-0.222763,24.000000,-150.000000,0.154000,-0.962498,0.000000,0.000000,0.000000,0.030015,0.002501,0.000000,0.401748,0.000000,0.000000,0.222763,0.030015,0.030015
-0.002448,-0.400281,-0.233005,29.000000,-153.000000,0.186083,-0.981748,0.000000,0.000000,0.000000,-0.029379,-0.002448,0.000000,0.400281,0.000000,0.000000,0.233005,-0.029379,-0.029379
-0.005573,-0.406614,-0.231725,28.000000,-153.000000,0.179666,-0.981748,0.000000,0.000000,0.000000,-0.066878,-0.005573,0.000000,0.406614,0.000000,0.000000,0.231725,-0.066878,-0.066878
0.001086,-0.399955,-0.231725,28.000000,-153.000000,0.179666,-0.981748,0.000000,0.000000,0.000000,0.013028,0.001086,0.000000,0.399955,0.000000,0.000000,0.231725,0.013028,0.013028
0.015465,-0.385576,-0.231725,28.000000,-153.000000,0.179666,-0.981748,0.000000,0.000000,0.000000,0.185575,0.015465,0.000000,0.385576,0.000000,0.000000,0.231725,0.185575,0.185575
0.043938,-0.341061,-0.233005,31.000000,-151.000000,0.198916,-0.968914,0.000000,0.000000,0.000000,0.527256,0.043938,0.000000,0.341061,0.000000,0.000000,0.233005,0.527256,0.527256
0.022113,-0.077345,-0.234285,76.000000,-107.000000,0.487666,-0.686582,0.000000,0.000000,0.000000,0.265362,0.022113,0.000000,0.077345,0.000000,0.000000,0.234285,0.265362,0.265362
-0.004798,0.194118,-0.225323,119.000000,-57.000000,0.763582,-0.365749,0.000000,0.000000,0.000000,-0.057578,-0.004798,0.000000,-0.194118,0.000000,0.000000,0.225323,-0.057578,-0.057578
0.025109,0.230442,-0.217642,117.000000,-53.000000,0.750748,-0.340083,0.000000,0.000000,0.000000,0.301311,0.025109,0.000000,-0.230442,0.000000,0.000000,0.217642,0.301311,0.301311
0.040243,0.373909,-0.222763,139.000000,-35.000000,0.891915,-0.224583,0.000000,0.000000,0.000000,0.482913,0.040243,0.000000,-0.373909,0.000000,0.000000,0.222763,0.482913,0.482913
-0.024610,0.597805,-0.233005,188.000000,6.000000,1.206331,0.038500,0.000000,0.000000,0.000000,-0.295323,-0.024610,0.000000,-0.597805,0.000000,0.000000,0.233005,-0.295323,-0.295323
-0.032652,0.570513,-0.240686,188.000000,0.000000,1.206331,0.000000,0.000000,0.000000,0.000000,-0.391829,-0.032652,0.000000,-0.570513,0.000000,0.000000,0.240686,-0.391829,-0.391829
-0.046965,0.466367,-0.266291,184.000000,-24.000000,1.180664,-0.154000,0.000000,0.000000,0.000000,-0.563581,-0.046965,0.000000,-0.466367,0.000000,0.000000,0.266291,-0.563581,-0.563581
-0.015925,0.166950,-0.293177,143.000000,-86.000000,0.917581,-0.551832,0.000000,0.000000,0.000000,-0.191100,-0.015925,0.000000,-0.166950,0.000000,0.000000,0.293177,-0.191100,-0.191100
0.003002,-0.064373,-0.321342,115.000000,-136.000000,0.737915,-0.872665,0.000000,0.000000,0.000000,0.036018,0.003002,0.000000,0.064373,0.000000,0.000000,0.321342,0.036018,0.036018
-0.030224,-0.222723,-0.371272,115.000000,-175.000000,0.737915,-1.122914,0.000000,0.000000,0.000000,-0.362685,-0.030224,0.000000,0.222723,0.000000,0.000000,0.371272,-0.362685,-0.362685
-0.039685,-0.370142,-0.372552,94.000000,-197.000000,0.603165,-1.264080,0.000000,0.000000,0.000000,-0.476214,-0.039685,0.000000,0.370142,0.000000,0.000000,0.372552,-0.476214,-0.476214
0.016089,-0.660868,-0.372552,40.000000,-251.000000,0.256666,-1.610580,0.000000,0.000000,0.000000,0.193071,0.016089,0.000000,0.660868,0.000000,0.000000,0.372552,0.193071,0.193071
-0.000741,-0.696948,-0.372552,37.000000,-254.000000,0.237416,-1.629830,0.000000,0.000000,0.000000,-0.008897,-0.000741,0.000000,0.696948,0.000000,0.000000,0.372552,-0.008897,-0.008897
-0.007960,-0.707375,-0.371272,36.000000,-254.000000,0.230999,-1.629830,0.000000,0.000000,0.000000,-0.095518,-0.007960,0.000000,0.707375,0.000000,0.000000,0.371272,-0.095518,-0.095518
-0.003410,-0.702825,-0.371272,36.000000,-254.000000,0.230999,-1.629830,0.000000,0.000000,0.000000,-0.040925,-0.003410,0.000000,0.702825,0.000000,0.000000,0.371272,-0.040925,-0.040925
0.007480,-0.691935,-0.371272,36.000000,-254.000000,0.230999,-1.629830,0.000000,0.000000,0.000000,0.089761,0.007480,0.000000,0.691935,0.000000,0.000000,0.371272,0.089761,0.089761
0.029782,-0.666424,-0.372552,37.000000,-254.000000,0.237416,-1.629830,0.000000,0.000000,0.000000,0.357390,0.029782,0.000000,0.666424,0.000000,0.000000,0.372552,0.357390,0.357390
0.044285,-0.546047,-0.361030,49.000000,-233.000000,0.314416,-1.495080,0.000000,0.000000,0.000000,0.531421,0.044285,0.000000,0.546047,0.000000,0.000000,0.361030,0.531421,0.531421
-0.011434,-0.200725,-0.341826,104.000000,-163.000000,0.667332,-1.045914,0.000000,0.000000,0.000000,-0.137209,-0.011434,0.000000,0.200725,0.000000,0.000000,0.341826,-0.137209,-0.137209
0.004818,-0.357722,-0.421201,108.000000,-221.000000,0.692998,-1.418080,0.000000,0.000000,0.000000,0.057821,0.004818,0.000000,0.357722,0.000000,0.000000,0.421201,0.057821,0.057821
0.029701,-0.329632,-0.419921,108.000000,-220.000000,0.692998,-1.411663,0.000000,0.000000,0.000000,0.356408,0.029701,0.000000,0.329632,0.000000,0.000000,0.419921,0.356408,0.356408
0.032238,-0.137803,-0.423762,139.000000,-192.000000,0.891915,-1.231997,0.000000,0.000000,0.000000,0.386861,0.032238,0.000000,0.137803,0.000000,0.000000,0.423762,0.386861,0.386861
-0.020524,0.133476,-0.442965,197.000000,-149.000000,1.264080,-0.956081,0.000000,0.000000,0.000000,-0.246287,-0.020524,0.000000,-0.133476,0.000000,0.000000,0.442965,-0.246287,-0.246287
-0.015834,0.141374,-0.444246,198.000000,-149.000000,1.270497,-0.956081,0.000000,0.000000,0.000000,-0.190005,-0.015834,0.000000,-0.141374,0.000000,0.000000,0.444246,-0.190005,-0.190005
-0.023334,0.133874,-0.444246,198.000000,-149.000000,1.270497,-0.956081,0.000000,0.000000,0.000000,-0.280010,-0.023334,0.000000,-0.133874,0.000000,0.000000,0.444246,-0.280010,-0.280010
-0.043623,0.113585,-0.444246,198.000000,-149.000000,1.270497,-0.956081,0.000000,0.000000,0.000000,-0.523475,-0.043623,0.000000,-0.113585,0.000000,0.000000,0.444246,-0.523475,-0.523475
-0.027406,-0.101198,-0.451927,165.000000,-188.000000,1.058748,-1.206331,0.000000,0.000000,0.000000,-0.328876,-0.027406,0.000000,0.101198,0.000000,0.000000,0.451927,-0.328876,-0.328876
0.025378,-0.372455,-0.458328,117.000000,-241.000000,0.750748,-1.546413,0.000000,0.000000,0.000000,0.304533,0.025378,0.000000,0.372455,0.000000,0.000000,0.458328,0.304533,0.304533
0.003631,-0.397410,-0.462169,118.000000,-243.000000,0.757165,-1.559246,0.000000,0.000000,0.000000,0.043567,0.003631,0.000000,0.397410,0.000000,0.000000,0.462169,0.043567,0.043567
-0.005364,-0.409613,-0.463449,118.000000,-244.000000,0.757165,-1.565663,0.000000,0.000000,0.000000,-0.064372,-0.005364,0.000000,0.409613,0.000000,0.000000,0.463449,-0.064372,-0.064372
-0.006410,-0.410659,-0.463449,118.000000,-244.000000,0.757165,-1.565663,0.000000,0.000000,0.000000,-0.076920,-0.006410,0.000000,0.410659,0.000000,0.000000,0.463449,-0.076920,-0.076920
-0.006286,-0.410535,-0.463449,118.000000,-244.000000,0.757165,-1.565663,0.000000,0.000000,0.000000,-0.075428,-0.006286,0.000000,0.410535,0.000000,0.000000,0.463449,-0.075428,-0.075428
-0.007197,-0.411446,-0.463449,118.000000,-244.000000,0.757165,-1.565663,0.000000,0.000000,0.000000,-0.086368,-0.007197,0.000000,0.411446,0.000000,0.000000,0.463449,-0.086368,-0.086368
-0.008145,-0.412394,-0.463449,118.000000,-244.000000,0.757165,-1.565663,0.000000,0.000000,0.000000,-0.097735,-0.008145,0.000000,0.412394,0.000000,0.000000,0.463449,-0.097735,-0.097735
-0.009461,-0.413710,-0.463449,118.000000,-244.000000,0.757165,-1.565663,0.000000,0.000000,0.000000,-0.113529,-0.009461,0.000000,0.413710,0.000000,0.000000,0.463449,-0.113529,-0.113529
-0.011599,-0.415848,-0.463449,118.000000,-244.000000,0.757165,-1.565663,0.000000,0.000000,0.000000,-0.139192,-0.011599,0.000000,0.415848,0.000000,0.000000,0.463449,-0.139192,-0.139192
-0.015640,-0.419889,-0.463449,118.000000,-244.000000,0.757165,-1.565663,0.000000,0.000000,0.000000,-0.187678,-0.015640,0.000000,0.419889,0.000000,0.000000,0.463449,-0.187678,-0.187678
-0.023523,-0.427772,-0.463449,118.000000,-244.000000,0.757165,-1.565663,0.000000,0.000000,0.000000,-0.282271,-0.023523,0.000000,0.427772,0.000000,0.000000,0.463449,-0.282271,-0.282271
-0.038559,-0.462058,-0.466010,116.000000,-248.000000,0.744332,-1.591330,0.000000,0.000000,0.000000,-0.462709,-0.038559,0.000000,0.462058,0.000000,0.000000,0.466010,-0.462709,-0.462709
-0.025323,-0.628488,-0.468570,89.000000,-277.000000,0.571082,-1.777413,0.000000,0.000000,0.000000,-0.303873,-0.025323,0.000000,0.628488,0.000000,0.000000,0.468570,-0.303873,-0.303873
-0.000449,-0.802531,-0.473691,60.000000,-310.000000,0.384999,-1.989162,0.000000,0.000000,0.000000,-0.005391,-0.000449,0.000000,0.802531,0.000000,0.000000,0.473691,-0.005391,-0.005391
-0.000150,-0.789398,-0.476252,63.000000,-309.000000,0.404249,-1.982745,0.000000,0.000000,0.000000,-0.001797,-0.000150,0.000000,0.789398,0.000000,0.000000,0.476252,-0.001797,-0.001797
0.027067,-0.758973,-0.474972,63.000000,-308.000000,0.404249,-1.976329,0.000000,0.000000,0.000000,0.324802,0.027067,0.000000,0.758973,0.000000,0.000000,0.474972,0.324802,0.324802
0.043259,-0.601615,-0.477532,86.000000,-287.000000,0.551832,-1.841579,0.000000,0.000000,0.000000,0.519106,0.043259,0.000000,0.601615,0.000000,0.000000,0.477532,0.519106,0.519106
-0.022810,-0.212101,-0.477532,157.000000,-216.000000,1.007414,-1.385997,0.000000,0.000000,0.000000,-0.273724,-0.022810,0.000000,0.212101,0.000000,0.000000,0.477532,-0.273724,-0.273724
-0.000553,-0.148136,-0.483933,166.000000,-212.000000,1.065164,-1.360330,0.000000,0.000000,0.000000,-0.006634,-0.000553,0.000000,0.148136,0.000000,0.000000,0.483933,-0.006634,-0.006634
0.012715,-0.134868,-0.483933,166.000000,-212.000000,1.065164,-1.360330,0.000000,0.000000,0.000000,0.152577,0.012715,0.000000,0.134868,0.000000,0.000000,0.483933,0.152577,0.152577
0.015498,-0.132085,-0.483933,166.000000,-212.000000,1.065164,-1.360330,0.000000,0.000000,0.000000,0.185970,0.015498,0.000000,0.132085,0.000000,0.000000,0.483933,0.185970,0.185970
0.015858,-0.131725,-0.483933,166.000000,-212.000000,1.065164,-1.360330,0.000000,0.000000,0.000000,0.190298,0.015858,0.000000,0.131725,0.000000,0.000000,0.483933,0.190298,0.190298
0.016418,-0.131165,-0.483933,166.000000,-212.000000,1.065164,-1.360330,0.000000,0.000000,0.000000,0.197013,0.016418,0.000000,0.131165,0.000000,0.000000,0.483933,0.197013,0.197013
0.020256,-0.127327,-0.483933,166.000000,-212.000000,1.065164,-1.360330,0.000000,0.000000,0.000000,0.243071,0.020256,0.000000,0.127327,0.000000,0.000000,0.483933,0.243071,0.243071
0.027602,-0.119980,-0.483933,166.000000,-212.000000,1.065164,-1.360330,0.000000,0.000000,0.000000,0.331230,0.027602,0.000000,0.119980,0.000000,0.000000,0.483933,0.331230,0.331230
0.035743,-0.086173,-0.489054,172.000000,-210.000000,1.103664,-1.347497,0.000000,0.000000,0.000000,0.428922,0.035743,0.000000,0.086173,0.000000,0.000000,0.489054,0.428922,0.428922
0.015758,0.018967,-0.490334,192.000000,-191.000000,1.231997,-1.225580,0.000000,0.000000,0.000000,0.189100,0.015758,0.000000,-0.018967,0.000000,0.000000,0.490334,0.189100,0.189100
0.011704,0.024537,-0.486494,192.000000,-188.000000,1.231997,-1.206331,0.000000,0.000000,0.000000,0.140444,0.011704,0.000000,-0.024537,0.000000,0.000000,0.486494,0.140444,0.140444
0.005192,0.018025,-0.486494,192.000000,-188.000000,1.231997,-1.206331,0.000000,0.000000,0.000000,0.062304,0.005192,0.000000,-0.018025,0.000000,0.000000,0.486494,0.062304,0.062304
-0.001782,0.004635,-0.483933,190.000000,-188.000000,1.219164,-1.206331,0.000000,0.000000,0.000000,-0.021382,-0.001782,0.000000,-0.004635,0.000000,0.000000,0.483933,-0.021382,-0.021382
-0.008675,-0.005466,-0.485213,190.000000,-189.000000,1.219164,-1.212747,0.000000,0.000000,0.000000,-0.104094,-0.008675,0.000000,0.005466,0.000000,0.000000,0.485213,-0.104094,-0.104094
-0.013977,-0.010769,-0.485213,190.000000,-189.000000,1.219164,-1.212747,0.000000,0.000000,0.000000,-0.167727,-0.013977,0.000000,0.010769,0.000000,0.000000,0.485213,-0.167727,-0.167727
-0.020369,-0.017161,-0.485213,190.000000,-189.000000,1.219164,-1.212747,0.000000,0.000000,0.000000,-0.244433,-0.020369,0.000000,0.017161,0.000000,0.000000,0.485213,-0.244433,-0.244433
-0.028883,-0.025674,-0.485213,190.000000,-189.000000,1.219164,-1.212747,0.000000,0.000000,0.000000,-0.346592,-0.028883,0.000000,0.025674,0.000000,0.000000,0.485213,-0.346592,-0.346592
-0.037713,-0.092254,-0.487774,182.000000,-199.000000,1.167831,-1.276914,0.000000,0.000000,0.000000,-0.452554,-0.037713,0.000000,0.092254,0.000000,0.000000,0.487774,-0.452554,-0.452554
-0.022354,-0.221270,-0.494175,162.000000,-224.000000,1.039498,-1.437330,0.000000,0.000000,0.000000,-0.268250,-0.022354,0.000000,0.221270,0.000000,0.000000,0.494175,-0.268250,-0.268250
-0.019916,-0.279791,-0.485213,149.000000,-230.000000,0.956081,-1.475830,0.000000,0.000000,0.000000,-0.238996,-0.019916,0.000000,0.279791,0.000000,0.000000,0.485213,-0.238996,-0.238996
-0.040490,-0.335656,-0.494175,147.000000,-239.000000,0.943248,-1.533580,0.000000,0.000000,0.000000,-0.485879,-0.040490,0.000000,0.335656,0.000000,0.000000,0.494175,-0.485879,-0.485879
-0.019572,-0.500821,-0.512099,125.000000,-275.000000,0.802081,-1.764579,0.000000,0.000000,0.000000,-0.234869,-0.019572,0.000000,0.500821,0.000000,0.000000,0.512099,-0.234869,-0.234869
-0.005474,-0.602223,-0.537704,117.000000,-303.000000,0.750748,-1.944245,0.000000,0.000000,0.000000,-0.065692,-0.005474,0.000000,0.602223,0.000000,0.000000,0.537704,-0.065692,-0.065692
-0.008898,-0.634522,-0.549226,117.000000,-312.000000,0.750748,-2.001995,0.000000,0.000000,0.000000,-0.106780,-0.008898,0.000000,0.634522,0.000000,0.000000,0.549226,-0.106780,-0.106780
-0.011975,-0.637598,-0.549226,117.000000,-312.000000,0.750748,-2.001995,0.000000,0.000000,0.000000,-0.143699,-0.011975,0.000000,0.637598,0.000000,0.000000,0.549226,-0.143699,-0.143699
-0.012103,-0.637726,-0.549226,117.000000,-312.000000,0.750748,-2.001995,0.000000,0.000000,0.000000,-0.145234,-0.012103,0.000000,0.637726,0.000000,0.000000,0.549226,-0.145234,-0.145234
-0.012641,-0.638265,-0.549226,117.000000,-312.000000,0.750748,-2.001995,0.000000,0.000000,0.000000,-0.151692,-0.012641,0.000000,0.638265,0.000000,0.000000,0.549226,-0.151692,-0.151692
-0.014165,-0.639789,-0.549226,117.000000,-312.000000,0.750748,-2.001995,0.000000,0.000000,0.000000,-0.169980,-0.014165,0.000000,0.639789,0.000000,0.000000,0.549226,-0.169980,-0.169980
-0.017038,-0.642662,-0.549226,117.000000,-312.000000,0.750748,-2.001995,0.000000,0.000000,0.000000,-0.204457,-0.017038,0.000000,0.642662,0.000000,0.000000,0.549226,-0.204457,-0.204457
-0.020944,-0.646567,-0.549226,117.000000,-312.000000,0.750748,-2.001995,0.000000,0.000000,0.000000,-0.251323,-0.020944,0.000000,0.646567,0.000000,0.000000,0.549226,-0.251323,-0.251323
-0.026031,-0.651655,-0.549226,117.000000,-312.000000,0.750748,-2.001995,0.000000,0.000000,0.000000,-0.312375,-0.026031,0.000000,0.651655,0.000000,0.000000,0.549226,-0.312375,-0.312375
-0.031766,-0.663807,-0.551786,117.000000,-314.000000,0.750748,-2.014829,0.000000,0.000000,0.000000,-0.381196,-0.031766,0.000000,0.663807,0.000000,0.000000,0.551786,-0.381196,-0.381196
-0.030698,-0.707654,-0.569710,117.000000,-328.000000,0.750748,-2.104662,0.000000,0.000000,0.000000,-0.368370,-0.030698,0.000000,0.707654,0.000000,0.000000,0.569710,-0.368370,-0.368370
-0.030521,-0.752394,-0.587633,117.000000,-342.000000,0.750748,-2.194495,0.000000,0.000000,0.000000,-0.366250,-0.030521,0.000000,0.752394,0.000000,0.000000,0.587633,-0.366250,-0.366250
-0.030266,-0.813098,-0.611958,117.000000,-361.000000,0.750748,-2.316411,0.000000,0.000000,0.000000,-0.363194,-0.030266,0.000000,0.813098,0.000000,0.000000,0.611958,-0.363194,-0.363194
-0.028163,-0.868744,-0.635002,117.000000,-379.000000,0.750748,-2.431911,0.000000,0.000000,0.000000,-0.337953,-0.028163,0.000000,0.868744,0.000000,0.000000,0.635002,-0.337953,-0.337953
-0.029970,-0.915468,-0.652926,117.000000,-393.000000,0.750748,-2.521744,0.000000,0.000000,0.000000,-0.359639,-0.029970,0.000000,0.915468,0.000000,0.000000,0.652926,-0.359639,-0.359639
-0.030915,-0.964538,-0.672130,117.000000,-408.000000,0.750748,-2.617994,0.000000,0.000000,0.000000,-0.370978,-0.030915,0.000000,0.964538,0.000000,0.000000,0.672130,-0.370978,-0.370978
-0.032846,-1.011386,-0.690053,117.000000,-422.000000,0.750748,-2.707827,0.000000,0.000000,0.000000,-0.394154,-0.032846,0.000000,1.011386,0.000000,0.000000,0.690053,-0.394154,-0.394154
-0.033689,-1.095644,-0.713098,113.000000,-444.000000,0.725082,-2.848993,0.000000,0.000000,0.000000,-0.404264,-0.033689,0.000000,1.095644,0.000000,0.000000,0.713098,-0.404264,-0.404264
-0.015488,-1.221819,-0.729741,97.000000,-473.000000,0.622415,-3.035076,0.000000,0.000000,0.000000,-0.185856,-0.015488,0.000000,1.221819,0.000000,0.000000,0.729741,-0.185856,-0.185856
-0.005556,-1.292094,-0.731021,85.000000,-486.000000,0.545415,-3.118493,0.000000,0.000000,0.000000,-0.066670,-0.005556,0.000000,1.292094,0.000000,0.000000,0.731021,-0.066670,-0.066670
-0.006985,-1.290315,-0.729741,85.000000,-485.000000,0.545415,-3.112076,0.000000,0.000000,0.000000,-0.083818,-0.006985,0.000000,1.290315,0.000000,0.000000,0.729741,-0.083818,-0.083818
-0.001142,-1.284472,-0.729741,85.000000,-485.000000,0.545415,-3.112076,0.000000,0.000000,0.000000,-0.013703,-0.001142,0.000000,1.284472,0.000000,0.000000,0.729741,-0.013703,-0.013703
0.010165,-1.266748,-0.729741,86.000000,-484.000000,0.551832,-3.105659,0.000000,0.000000,0.000000,0.121984,0.010165,0.000000,1.266748,0.000000,0.000000,0.729741,0.121984,0.121984
0.027446,-1.249467,-0.729741,86.000000,-484.000000,0.551832,-3.105659,0.000000,0.000000,0.000000,0.329357,0.027446,0.000000,1.249467,0.000000,0.000000,0.729741,0.329357,0.329357
0.042725,-1.125106,-0.727180,102.000000,-466.000000,0.654498,-2.990160,0.000000,0.000000,0.000000,0.512699,0.042725,0.000000,1.125106,0.000000,0.000000,0.727180,0.512699,0.512699
-0.008505,-0.813794,-0.707977,151.000000,-402.000000,0.968914,-2.579494,0.000000,0.000000,0.000000,-0.102055,-0.008505,0.000000,0.813794,0.000000,0.000000,0.707977,-0.102055,-0.102055
-0.001386,-0.784217,-0.693894,149.000000,-393.000000,0.956081,-2.521744,0.000000,0.000000,0.000000,-0.016628,-0.001386,0.000000,0.784217,0.000000,0.000000,0.693894,-0.016628,-0.016628
0.011162,-0.746003,-0.686212,150.000000,-386.000000,0.962498,-2.476828,0.000000,0.000000,0.000000,0.133941,0.011162,0.000000,0.746003,0.000000,0.000000,0.686212,0.133941,0.133941
0.023533,-0.730423,-0.684932,150.000000,-385.000000,0.962498,-2.470411,0.000000,0.000000,0.000000,0.282398,0.023533,0.000000,0.730423,0.000000,0.000000,0.684932,0.282398,0.282398
0.039082,-0.666750,-0.686212,158.000000,-378.000000,1.013831,-2.425494,0.000000,0.000000,0.000000,0.468979,0.039082,0.000000,0.666750,0.000000,0.000000,0.686212,0.468979,0.468979
0.026217,-0.525615,-0.668289,175.000000,-347.000000,1.122914,-2.226578,0.000000,0.000000,0.000000,0.314609,0.026217,0.000000,0.525615,0.000000,0.000000,0.668289,0.314609,0.314609
0.018530,-0.430636,-0.627321,175.000000,-315.000000,1.122914,-2.021245,0.000000,0.000000,0.000000,0.222359,0.018530,0.000000,0.430636,0.000000,0.000000,0.627321,0.222359,0.222359
0.025675,-0.394615,-0.615799,175.000000,-306.000000,1.122914,-1.963495,0.000000,0.000000,0.000000,0.308104,0.025675,0.000000,0.394615,0.000000,0.000000,0.615799,0.308104,0.308104
0.037843,-0.347156,-0.614519,180.000000,-300.000000,1.154997,-1.924996,0.000000,0.000000,0.000000,0.454112,0.037843,0.000000,0.347156,0.000000,0.000000,0.614519,0.454112,0.454112
0.017732,-0.232518,-0.601716,196.000000,-274.000000,1.257664,-1.758162,0.000000,0.000000,0.000000,0.212782,0.017732,0.000000,0.232518,0.000000,0.000000,0.601716,0.212782,0.212782
0.016989,-0.194761,-0.591474,198.000000,-264.000000,1.270497,-1.693996,0.000000,0.000000,0.000000,0.203868,0.016989,0.000000,0.194761,0.000000,0.000000,0.591474,0.203868,0.203868
0.025771,-0.179561,-0.588914,198.000000,-262.000000,1.270497,-1.681163,0.000000,0.000000,0.000000,0.309258,0.025771,0.000000,0.179561,0.000000,0.000000,0.588914,0.309258,0.309258
0.043399,-0.155517,-0.586353,198.000000,-260.000000,1.270497,-1.668329,0.000000,0.000000,0.000000,0.520785,0.043399,0.000000,0.155517,0.000000,0.000000,0.586353,0.520785,0.520785
0.016607,0.093607,-0.586353,241.000000,-217.000000,1.546413,-1.392413,0.000000,0.000000,0.000000,0.199289,0.016607,0.000000,-0.093607,0.000000,0.000000,0.586353,0.199289,0.199289
-0.025352,0.256981,-0.591474,275.000000,-187.000000,1.764579,-1.199914,0.000000,0.000000,0.000000,-0.304218,-0.025352,0.000000,-0.256981,0.000000,0.000000,0.591474,-0.304218,-0.304218
-0.023888,0.248820,-0.595315,275.000000,-190.000000,1.764579,-1.219164,0.000000,0.000000,0.000000,-0.286658,-0.023888,0.000000,-0.248820,0.000000,0.000000,0.595315,-0.286658,-0.286658
-0.045026,0.224473,-0.594035,274.000000,-190.000000,1.758162,-1.219164,0.000000,0.000000,0.000000,-0.540314,-0.045026,0.000000,-0.224473,0.000000,0.000000,0.594035,-0.540314,-0.540314
-0.022003,-0.028420,-0.591474,230.000000,-232.000000,1.475830,-1.488663,0.000000,0.000000,0.000000,-0.264040,-0.022003,0.000000,0.028420,0.000000,0.000000,0.591474,-0.264040,-0.264040
0.003356,-0.230852,-0.579952,190.000000,-263.000000,1.219164,-1.687579,0.000000,0.000000,0.000000,0.040271,0.003356,0.000000,0.230852,0.000000,0.000000,0.579952,0.040271,0.040271
-0.027625,-0.268249,-0.582512,190.000000,-265.000000,1.219164,-1.700413,0.000000,0.000000,0.000000,-0.331499,-0.027625,0.000000,0.268249,0.000000,0.000000,0.582512,-0.331499,-0.331499
-0.036791,-0.489165,-0.574831,154.000000,-295.000000,0.988164,-1.892912,0.000000,0.000000,0.000000,-0.441498,-0.036791,0.000000,0.489165,0.000000,0.000000,0.574831,-0.441498,-0.441498
0.039159,-0.868797,-0.569710,81.000000,-364.000000,0.519749,-2.335661,0.000000,0.000000,0.000000,0.469905,0.039159,0.000000,0.868797,0.000000,0.000000,0.569710,0.469905,0.469905
-0.006854,-0.866685,-0.545385,79.000000,-347.000000,0.506916,-2.226578,0.000000,0.000000,0.000000,-0.082243,-0.006854,0.000000,0.866685,0.000000,0.000000,0.545385,-0.082243,-0.082243
-0.035623,-0.933954,-0.558188,78.000000,-358.000000,0.500499,-2.297161,0.000000,0.000000,0.000000,-0.427476,-0.035623,0.000000,0.933954,0.000000,0.000000,0.558188,-0.427476,-0.427476
-0.032510,-1.116925,-0.570990,54.000000,-392.000000,0.346499,-2.515327,0.000000,0.000000,0.000000,-0.390125,-0.032510,0.000000,1.116925,0.000000,0.000000,0.570990,-0.390125,-0.390125
-0.010944,-1.348816,-0.597875,25.000000,-442.000000,0.160416,-2.836160,0.000000,0.000000,0.000000,-0.131331,-0.010944,0.000000,1.348816,0.000000,0.000000,0.597875,-0.131331,-0.131331
-0.019798,-1.453920,-0.626041,21.000000,-468.000000,0.134750,-3.002993,0.000000,0.000000,0.000000,-0.237577,-0.019798,0.000000,1.453920,0.000000,0.000000,0.626041,-0.237577,-0.237577
-0.051980,-1.591976,-0.627321,5.000000,-485.000000,0.032083,-3.112076,0.000000,0.000000,0.000000,-0.623758,-0.051980,0.000000,1.591976,0.000000,0.000000,0.627321,-0.623758,-0.623758
0.024414,-2.057789,-0.605557,-88.000000,-561.000000,-0.564665,-3.599742,0.000000,0.000000,0.000000,0.292968,0.024414,0.000000,2.057789,0.000000,0.000000,0.605557,0.292968,0.292968
0.008264,-2.138106,-0.595315,-102.000000,-567.000000,-0.654498,-3.638242,0.000000,0.000000,0.000000,0.099170,0.008264,0.000000,2.138106,0.000000,0.000000,0.595315,0.099170,0.099170
-0.005419,-2.154997,-0.596595,-102.000000,-568.000000,-0.654498,-3.644658,0.000000,0.000000,0.000000,-0.065027,-0.005419,0.000000,2.154997,0.000000,0.000000,0.596595,-0.065027,-0.065027
-0.005227,-2.154805,-0.596595,-102.000000,-568.000000,-0.654498,-3.644658,0.000000,0.000000,0.000000,-0.062725,-0.005227,0.000000,2.154805,0.000000,0.000000,0.596595,-0.062725,-0.062725
0.000776,-2.148802,-0.596595,-102.000000,-568.000000,-0.654498,-3.644658,0.000000,0.000000,0.000000,0.009313,0.000776,0.000000,2.148802,0.000000,0.000000,0.596595,0.009313,0.009313
0.015811,-2.133768,-0.596595,-102.000000,-568.000000,-0.654498,-3.644658,0.000000,0.000000,0.000000,0.189728,0.015811,0.000000,2.133768,0.000000,0.000000,0.596595,0.189728,0.189728
0.042431,-2.091106,-0.597875,-99.000000,-566.000000,-0.635249,-3.631825,0.000000,0.000000,0.000000,0.509168,0.042431,0.000000,2.091106,0.000000,0.000000,0.597875,0.509168,0.509168
0.024577,-1.829835,-0.588914,-59.000000,-519.000000,-0.378582,-3.330242,0.000000,0.000000,0.000000,0.294925,0.024577,0.000000,1.829835,0.000000,0.000000,0.588914,0.294925,0.294925
0.005156,-1.557299,-0.574831,-19.000000,-468.000000,-0.121916,-3.002993,0.000000,0.000000,0.000000,0.061868,0.005156,0.000000,1.557299,0.000000,0.000000,0.574831,0.061868,0.061868
0.028043,-1.438162,-0.551786,-13.000000,-444.000000,-0.083416,-2.848993,0.000000,0.000000,0.000000,0.336518,0.028043,0.000000,1.438162,0.000000,0.000000,0.551786,0.336518,0.336518
0.035006,-1.164908,-0.537704,23.000000,-397.000000,0.147583,-2.547411,0.000000,0.000000,0.000000,0.420067,0.035006,0.000000,1.164908,0.000000,0.000000,0.537704,0.420067,0.420067
-0.004453,-0.764827,-0.523621,86.000000,-323.000000,0.551832,-2.072578,0.000000,0.000000,0.000000,-0.053442,-0.004453,0.000000,0.764827,0.000000,0.000000,0.523621,-0.053442,-0.053442
0.041320,-0.654887,-0.510818,91.000000,-308.000000,0.583915,-1.976329,0.000000,0.000000,0.000000,0.495835,0.041320,0.000000,0.654887,0.000000,0.000000,0.510818,0.495835,0.495835
0.009332,-0.234500,-0.506978,160.000000,-236.000000,1.026664,-1.514330,0.000000,0.000000,0.000000,0.111989,0.009332,0.000000,0.234500,0.000000,0.000000,0.506978,0.111989,0.111989
-0.033115,-0.004241,-0.505697,202.000000,-193.000000,1.296164,-1.238414,0.000000,0.000000,0.000000,-0.397386,-0.033115,0.000000,0.004241,0.000000,0.000000,0.505697,-0.397386,-0.397386
0.013513,-0.079528,-0.515939,187.000000,-216.000000,1.199914,-1.385997,0.000000,0.000000,0.000000,0.162157,0.013513,0.000000,0.079528,0.000000,0.000000,0.515939,0.162157,0.162157
-0.006571,-0.102821,-0.514659,186.000000,-216.000000,1.193497,-1.385997,0.000000,0.000000,0.000000,-0.078857,-0.006571,0.000000,0.102821,0.000000,0.000000,0.514659,-0.078857,-0.078857
-0.030357,-0.129815,-0.515939,186.000000,-217.000000,1.193497,-1.392413,0.000000,0.000000,0.000000,-0.364279,-0.030357,0.000000,0.129815,0.000000,0.000000,0.515939,-0.364279,-0.364279
-0.031299,-0.348924,-0.513379,151.000000,-250.000000,0.968914,-1.604163,0.000000,0.000000,0.000000,-0.375594,-0.031299,0.000000,0.348924,0.000000,0.000000,0.513379,-0.375594,-0.375594
0.027430,-0.598194,-0.526181,108.000000,-303.000000,0.692998,-1.944245,0.000000,0.000000,0.000000,0.329156,0.027430,0.000000,0.598194,0.000000,0.000000,0.526181,0.329156,0.329156
0.009385,-0.625864,-0.524901,106.000000,-304.000000,0.680165,-1.950662,0.000000,0.000000,0.000000,0.112618,0.009385,0.000000,0.625864,0.000000,0.000000,0.524901,0.112618,0.112618
0.005859,-0.629389,-0.524901,106.000000,-304.000000,0.680165,-1.950662,0.000000,0.000000,0.000000,0.070314,0.005859,0.000000,0.629389,0.000000,0.000000,0.524901,0.070314,0.070314
0.013024,-0.622224,-0.524901,106.000000,-304.000000,0.680165,-1.950662,0.000000,0.000000,0.000000,0.156289,0.013024,0.000000,0.622224,0.000000,0.000000,0.524901,0.156289,0.156289
0.029040,-0.606209,-0.524901,106.000000,-304.000000,0.680165,-1.950662,0.000000,0.000000,0.000000,0.348474,0.029040,0.000000,0.606209,0.000000,0.000000,0.524901,0.348474,0.348474
0.047325,-0.559049,-0.518500,108.000000,-297.000000,0.692998,-1.905746,0.000000,0.000000,0.000000,0.567897,0.047325,0.000000,0.559049,0.000000,0.000000,0.518500,0.567897,0.567897
0.001669,-0.293497,-0.486494,144.000000,-236.000000,0.923998,-1.514330,0.000000,0.000000,0.000000,0.020025,0.001669,0.000000,0.293497,0.000000,0.000000,0.486494,0.020025,0.020025
-0.018553,-0.220677,-0.474972,154.000000,-217.000000,0.988164,-1.392413,0.000000,0.000000,0.000000,-0.222632,-0.018553,0.000000,0.220677,0.000000,0.000000,0.474972,-0.222632,-0.222632
-0.024976,-0.227100,-0.474972,154.000000,-217.000000,0.988164,-1.392413,0.000000,0.000000,0.000000,-0.299711,-0.024976,0.000000,0.227100,0.000000,0.000000,0.474972,-0.299711,-0.299711
-0.046550,-0.258300,-0.473691,152.000000,-218.000000,0.975331,-1.398830,0.000000,0.000000,0.000000,-0.558606,-0.046550,0.000000,0.258300,0.000000,0.000000,0.473691,-0.558606,-0.558606
-0.012599,-0.541972,-0.485214,107.000000,-272.000000,0.686582,-1.745329,0.000000,0.000000,0.000000,-0.151182,-0.012599,0.000000,0.541972,0.000000,0.000000,0.485214,-0.151182,-0.151182
0.010795,-0.688620,-0.489054,82.000000,-300.000000,0.526165,-1.924996,0.000000,0.000000,0.000000,0.129546,0.010795,0.000000,0.688620,0.000000,0.000000,0.489054,0.129546,0.129546
-0.014238,-0.704028,-0.485214,82.000000,-297.000000,0.526165,-1.905746,0.000000,0.000000,0.000000,-0.170859,-0.014238,0.000000,0.704028,0.000000,0.000000,0.485214,-0.170859,-0.170859
-0.028683,-0.718473,-0.485214,82.000000,-297.000000,0.526165,-1.905746,0.000000,0.000000,0.000000,-0.344198,-0.028683,0.000000,0.718473,0.000000,0.000000,0.485214,-0.344198,-0.344198
-0.037443,-0.791399,-0.482653,71.000000,-306.000000,0.455582,-1.963495,0.000000,0.000000,0.000000,-0.449312,-0.037443,0.000000,0.791399,0.000000,0.000000,0.482653,-0.449312,-0.449312
-0.012369,-0.910701,-0.504417,57.000000,-337.000000,0.365749,-2.162412,0.000000,0.000000,0.000000,-0.148430,-0.012369,0.000000,0.910701,0.000000,0.000000,0.504417,-0.148430,-0.148430
-0.004133,-0.947380,-0.522341,57.000000,-351.000000,0.365749,-2.252245,0.000000,0.000000,0.000000,-0.049591,-0.004133,0.000000,0.947380,0.000000,0.000000,0.522341,-0.049591,-0.049591
-0.005715,-0.961796,-0.527462,57.000000,-355.000000,0.365749,-2.277911,0.000000,0.000000,0.000000,-0.068578,-0.005715,0.000000,0.961796,0.000000,0.000000,0.527462,-0.068578,-0.068578
-0.003790,-0.959871,-0.527462,57.000000,-355.000000,0.365749,-2.277911,0.000000,0.000000,0.000000,-0.045477,-0.003790,0.000000,0.959871,0.000000,0.000000,0.527462,-0.045477,-0.045477
0.001844,-0.941404,-0.524901,58.000000,-352.000000,0.372166,-2.258661,0.000000,0.000000,0.000000,0.022125,0.001844,0.000000,0.941404,0.000000,0.000000,0.524901,0.022125,0.022125
0.011005,-0.932242,-0.524901,58.000000,-352.000000,0.372166,-2.258661,0.000000,0.000000,0.000000,0.132064,0.011005,0.000000,0.932242,0.000000,0.000000,0.524901,0.132064,0.132064
0.025173,-0.918074,-0.524901,58.000000,-352.000000,0.372166,-2.258661,0.000000,0.000000,0.000000,0.302081,0.025173,0.000000,0.918074,0.000000,0.000000,0.524901,0.302081,0.302081
0.040976,-0.828480,-0.521060,68.000000,-339.000000,0.436332,-2.175245,0.000000,0.000000,0.000000,0.491709,0.040976,0.000000,0.828480,0.000000,0.000000,0.521060,0.491709,0.491709
0.004377,-0.579539,-0.514659,110.000000,-292.000000,0.705832,-1.873662,0.000000,0.000000,0.000000,0.052521,0.004377,0.000000,0.579539,0.000000,0.000000,0.514659,0.052521,0.052521
0.004718,-0.495781,-0.512099,122.000000,-278.000000,0.782831,-1.783829,0.000000,0.000000,0.000000,0.056620,0.004718,0.000000,0.495781,0.000000,0.000000,0.512099,0.056620,0.056620
0.018244,-0.482255,-0.512099,122.000000,-278.000000,0.782831,-1.783829,0.000000,0.000000,0.000000,0.218926,0.018244,0.000000,0.482255,0.000000,0.000000,0.512099,0.218926,0.218926
0.026824,-0.473675,-0.512099,122.000000,-278.000000,0.782831,-1.783829,0.000000,0.000000,0.000000,0.321883,0.026824,0.000000,0.473675,0.000000,0.000000,0.512099,0.321883,0.321883
0.029293,-0.426289,-0.496736,123.000000,-265.000000,0.789248,-1.700413,0.000000,0.000000,0.000000,0.351518,0.029293,0.000000,0.426289,0.000000,0.000000,0.496736,0.351518,0.351518
0.024227,-0.383230,-0.477532,123.000000,-250.000000,0.789248,-1.604163,0.000000,0.000000,0.000000,0.290724,0.024227,0.000000,0.383230,0.000000,0.000000,0.477532,0.290724,0.290724
0.030970,-0.366863,-0.473691,123.000000,-247.000000,0.789248,-1.584913,0.000000,0.000000,0.000000,0.371635,0.030970,0.000000,0.366863,0.000000,0.000000,0.473691,0.371635,0.371635
0.044435,-0.350189,-0.472411,123.000000,-246.000000,0.789248,-1.578496,0.000000,0.000000,0.000000,0.533226,0.044435,0.000000,0.350189,0.000000,0.000000,0.472411,0.533226,0.533226
0.012669,-0.157372,-0.464730,155.000000,-208.000000,0.994581,-1.334664,0.000000,0.000000,0.000000,0.152032,0.012669,0.000000,0.157372,0.000000,0.000000,0.464730,0.152032,0.152032
-0.036478,-0.042894,-0.450647,175.000000,-177.000000,1.122914,-1.135747,0.000000,0.000000,0.000000,-0.437732,-0.036478,0.000000,0.042894,0.000000,0.000000,0.450647,-0.437732,-0.437732
-0.060616,-0.426365,-0.437844,114.000000,-228.000000,0.731498,-1.462997,0.000000,0.000000,0.000000,-0.727396,-0.060616,0.000000,0.426365,0.000000,0.000000,0.437844,-0.727396,-0.727396
0.039296,-0.907160,-0.439125,24.000000,-319.000000,0.154000,-2.046912,0.000000,0.000000,0.000000,0.471548,0.039296,0.000000,0.907160,0.000000,0.000000,0.439125,0.471548,0.471548
-0.042898,-1.229979,-0.442965,-12.000000,-358.000000,-0.077000,-2.297161,0.000000,0.000000,0.000000,-0.514779,-0.042898,0.000000,1.229979,0.000000,0.000000,0.442965,-0.514779,-0.514779
0.029476,-1.462396,-0.416080,-70.000000,-395.000000,-0.449166,-2.534577,0.000000,0.000000,0.000000,0.353710,0.029476,0.000000,1.462396,0.000000,0.000000,0.416080,0.353710,0.353710
-0.099310,-1.741973,-0.389195,-104.000000,-408.000000,-0.667332,-2.617994,0.000000,0.000000,0.000000,-1.000000,-0.099310,0.000000,1.741973,0.000000,0.000000,0.389195,-1.000000,-1.000000
0.121578,-2.477166,-0.353348,-267.000000,-543.000000,-1.713246,-3.484242,0.000000,0.000000,0.000000,1.000000,0.121578,0.000000,2.477166,0.000000,0.000000,0.353348,1.000000,1.000000
-0.174516,-2.028928,-0.327743,-161.000000,-417.000000,-1.033081,-2.675744,0.000000,0.000000,0.000000,-1.000000,-0.174516,0.000000,2.028928,0.000000,0.000000,0.327743,-1.000000,-1.000000
0.202005,-3.076905,-0.261170,-409.000000,-613.000000,-2.624411,-3.933408,0.000000,0.000000,0.000000,1.000000,0.202005,0.000000,3.076905,0.000000,0.000000,0.261170,1.000000,1.000000
-0.071085,-1.418582,-0.233005,-119.000000,-301.000000,-0.763582,-1.931412,0.000000,0.000000,0.000000,-0.853023,-0.071085,0.000000,1.418582,0.000000,0.000000,0.233005,-0.853023,-0.853023
-0.042062,-1.726433,-0.254769,-163.000000,-362.000000,-1.045914,-2.322828,0.000000,0.000000,0.000000,-0.504740,-0.042062,0.000000,1.726433,0.000000,0.000000,0.254769,-0.504740,-0.504740
0.153465,-1.659239,-0.224043,-195.000000,-370.000000,-1.251247,-2.374161,0.000000,0.000000,0.000000,1.000000,0.153465,0.000000,1.659239,0.000000,0.000000,0.224043,1.000000,1.000000
-0.212648,-0.790147,-0.273973,17.000000,-197.000000,0.109083,-1.264080,0.000000,0.000000,0.000000,-1.000000,-0.212648,0.000000,0.790147,0.000000,0.000000,0.273973,-1.000000,-1.000000
0.167827,-1.927210,-0.257330,-226.000000,-427.000000,-1.450163,-2.739910,0.000000,0.000000,0.000000,1.000000,0.167827,0.000000,1.927210,0.000000,0.000000,0.257330,1.000000,1.000000
-0.101937,-0.743602,-0.240686,-6.000000,-194.000000,-0.038500,-1.244830,0.000000,0.000000,0.000000,-1.000000,-0.101937,0.000000,0.743602,0.000000,0.000000,0.240686,-1.000000,-1.000000
0.057778,-1.565635,-0.250928,-155.000000,-351.000000,-0.994581,-2.252245,0.000000,0.000000,0.000000,0.693339,0.057778,0.000000,1.565635,0.000000,0.000000,0.250928,0.693339,0.693339
0.012752,-1.026746,-0.227884,-73.000000,-251.000000,-0.468416,-1.610580,0.000000,0.000000,0.000000,0.153022,0.012752,0.000000,1.026746,0.000000,0.000000,0.227884,0.153022,0.153022
-0.174510,-0.918842,-0.258610,-15.000000,-217.000000,-0.096250,-1.392413,0.000000,0.000000,0.000000,-1.000000,-0.174510,0.000000,0.918842,0.000000,0.000000,0.258610,-1.000000,-1.000000
0.172666,-1.967287,-0.198438,-256.000000,-411.000000,-1.642663,-2.637244,0.000000,0.000000,0.000000,1.000000,0.172666,0.000000,1.967287,0.000000,0.000000,0.198438,1.000000,1.000000
-0.162376,-1.189040,-0.184356,-88.000000,-232.000000,-0.564665,-1.488663,0.000000,0.000000,0.000000,-1.000000,-0.162376,0.000000,1.189040,0.000000,0.000000,0.184356,-1.000000,-1.000000
0.150335,-2.098701,-0.147228,-293.000000,-408.000000,-1.880079,-2.617994,0.000000,0.000000,0.000000,1.000000,0.150335,0.000000,2.098701,0.000000,0.000000,0.147228,1.000000,1.000000
-0.144677,-1.267591,-0.135706,-122.000000,-228.000000,-0.782831,-1.462997,0.000000,0.000000,0.000000,-1.000000,-0.144677,0.000000,1.267591,0.000000,0.000000,0.135706,-1.000000,-1.000000
0.143340,-2.031904,-0.117783,-293.000000,-385.000000,-1.880079,-2.470411,0.000000,0.000000,0.000000,1.000000,0.143340,0.000000,2.031904,0.000000,0.000000,0.117783,1.000000,1.000000
-0.155060,-1.258724,-0.112662,-128.000000,-216.000000,-0.821331,-1.385997,0.000000,0.000000,0.000000,-1.000000,-0.155060,0.000000,1.258724,0.000000,0.000000,0.112662,-1.000000,-1.000000
0.146683,-2.182562,-0.076815,-333.000000,-393.000000,-2.136745,-2.521744,0.000000,0.000000,0.000000,1.000000,0.146683,0.000000,2.182562,0.000000,0.000000,0.076815,1.000000,1.000000
-0.149872,-1.462078,-0.052490,-184.000000,-225.000000,-1.180664,-1.443747,0.000000,0.000000,0.000000,-1.000000,-0.149872,0.000000,1.462078,0.000000,0.000000,0.052490,-1.000000,-1.000000
0.140614,-2.365089,-0.006401,-388.000000,-393.000000,-2.489661,-2.521744,0.000000,0.000000,0.000000,1.000000,0.140614,0.000000,2.365089,0.000000,0.000000,0.006401,1.000000,1.000000
-0.150662,-1.661784,0.019203,-243.000000,-228.000000,-1.559246,-1.462997,0.000000,0.000000,0.000000,-1.000000,-0.150662,0.000000,1.661784,0.000000,0.000000,-0.019203,-1.000000,-1.000000
0.146324,-2.500545,0.055050,-434.000000,-391.000000,-2.784827,-2.508911,0.000000,0.000000,0.000000,1.000000,0.146324,0.000000,2.500545,0.000000,0.000000,-0.055050,1.000000,1.000000
-0.158273,-1.816978,0.088337,-293.000000,-224.000000,-1.880079,-1.437330,0.000000,0.000000,0.000000,-1.000000,-0.158273,0.000000,1.816978,0.000000,0.000000,-0.088337,-1.000000,-1.000000
0.152976,-2.718476,0.134426,-500.000000,-395.000000,-3.208326,-2.534577,0.000000,0.000000,0.000000,1.000000,0.152976,0.000000,2.718476,0.000000,0.000000,-0.134426,1.000000,1.000000
